Landing Page,Impressions,Url Clicks,URL CTR,title,subtitle,date_published,date_updated
https://www.israelhayom.co.il/animals/article/14820205,467730,32807,0.07014089325,לראשונה אי פעם: חוקרים תיעדו חיה בת כ-200 מיליון שנה,"משלחת חוקרים הצליחה לתעד יונק בשם קיפודן חרטומני אטנבורו, שההוכחה היחידה לקיומו היא פרט מפוחלץ של המין: ""היינו באופוריה"" • החוקרים גילו גם מינים חדשים של חרקים, צפרדעים ושרימפס",2023-11-15T08:36:25.000Z,2023-11-15T08:36:25.000Z
https://www.israelhayom.co.il/animals/article/15785842,502252,63301,0.1260343413,חשוב שתכירו: המקומות המפתיעים שנחשים אוהבים להסתתר בהם,"אנו רגילים לראות נחשים במקומות פתוחים, אך יש כמה מקומות לא צפויים שהם נוהגים להעביר בהם את זמנם • וגם: המומחה עונה – איך כדאי להימנע מהסיכוי שניתקל בנחש, מה עושים אם פוגשים אחד כזה ומה אנו צריכים לעשות באופן מיידי אם הוא הכיש אותנו?",2024-05-21T11:49:48.000Z,2024-05-22T06:51:32.000Z
https://www.israelhayom.co.il/animals/article/16224266,358451,15703,0.04380794028,יש לכם חתול? כך תוכלו להפוך אותו למאושר יותר,"לרגל יום החתול הבינלאומי, מומחית להתנהגות חתולים שיתפה אותנו בכמה דרכים פשוטות שיעזרו לכם לגרום לחיית המחמד האהובה שלכם להיות שמחה יותר • וגם: כיצד בדיוק חתולים משפרים את הבריאות של בעליהם?",2024-08-08T09:47:42.000Z,2024-08-08T12:09:20.000Z
https://www.israelhayom.co.il/animals/article/16023087,502672,40588,0.08074450138,ברוכים הבאים: הכירו את הזאבים הנדירים שעברו להתגורר בישראל,"להקה של שמונה זאבים טלואים עברו מגן חיות בצרפת למדבריום בנגב, שבו הם מתאקלמים ומבססים מחדש את הדינמיקה והמעמדות ביניהם • מהם שמותיהם, כמה זאבים כאלו נותרו בטבע – ומדוע למרות שהם נדירים, הם לא מיועדים לרבייה? כל הפרטים",2024-07-04T13:51:18.000Z,2024-07-04T13:51:18.000Z
https://www.israelhayom.co.il/animals/article/16581275,306547,21452,0.06997948112,יש לכם חתול פטפטן? זה מה שהוא מנסה להגיד לכם,"חתולים רבים נוהגים להביט מהחלון ולהפיק קולות שנעים בין פטפוט לציוץ עדין •  אז עם מי הם מנסים לדבר בעצם? המדע עדיין מנסה למצוא תשובות, אבל האפשרויות חמודות במיוחד",2024-10-08T13:45:35.000Z,2024-10-08T13:45:35.000Z
https://www.israelhayom.co.il/animals/article/15064740,266185,16252,0.0610552811,"נדירה וכריזמטית: זו הזוכה בתחרות ""ציפור השנה של ישראל""","לאחר מאבק עיקש מול היסעורון האטלנטי, שהגיעה אל המקום השני, הצליחה הדוחל השחור לזכות בתואר הנחשק • מנהל מרכז הצפרות בחברה להגנת הטבע: ""משמח לראות שגם בתקופה קשה זו, הציפורים והטבע הישראלי ממשיכים לקבל את תשומת הלב של הציבור""",2024-01-08T07:00:43.000Z,2024-01-08T07:00:43.000Z
https://www.israelhayom.co.il/animals/article/16182783,255312,10117,0.0396260262,אחת ולתמיד: האם חתולים באמת אוהבים לצוד עכברים?,"החתול הוא צייד טבעי ועצמאי, אבל האם זה הופך אותו לחיה הנכונה ביותר להדברת מכרסמים באופן טבעי? • מדוע לא כל החתולים מתאימים למשימה הזו והאם העכברים הם בעצם רק משחק עבורם? כל הפרטים",2024-08-01T10:06:23.000Z,2024-08-01T10:06:23.000Z
https://www.israelhayom.co.il/animals/article/15984845,255079,16459,0.06452510791,קטנות – אך משפיעות: כך נמלים שינו את כל מה שהאריות באפריקה ידעו,"חוקרים תיעדו תגובת שרשרת, שבה מין פולש של נמלים הוביל להיעלמות של עצי שיטה ביבשת • בסופו של דבר, אותה פלישה הצליחה להביא לכך שמלך החיות נאלץ לשנות את אסטרטגיית הציד שלו",2024-06-27T16:40:23.000Z,2024-06-28T05:47:00.000Z
https://www.israelhayom.co.il/animals/article/15743108,238611,8879,0.03721119311,אצלנו בלבד: החיות שתוכלו למצוא אך ורק בישראל,"לכבוד יום העצמאות, קבלו הזדמנות מעולה להכיר כמה מבעלי החיים הייחודיים שתוכלו למצוא בארץ - ולא בשום מקום אחר • הצטרפו למסע מרתק בעקבות כמה מהחיות הללו, המהוות מקור לגאווה שכולה כחול-לבן",2024-05-14T07:35:59.000Z,2024-05-14T07:35:59.000Z
https://www.israelhayom.co.il/animals/article/16349725,240163,9465,0.03941073354,"למה חתולים ""מכינים ביסקוויטים""?","בעלי חתולים רבים שמים לב שלעיתים הם חוטאים ב""הכנת ביסקוויטים"", אותה תנועת לישה מתוקה שמלווה בהבעה נינוחה • למה הם עושים את זה, האם זה עשוי להיות מסוכן ומה זה אומר על הקשר ביניכם? המדע מסביר",2024-08-29T12:41:10.000Z,2024-08-29T12:41:10.000Z
https://www.israelhayom.co.il/animals/article/16281760,219636,25523,0.1162059043,"נפרדים מהתנין קלרנס לאחר התקרית בגן החיות התנ""כי: ""עצוב לנו מאוד, סמל אילתי""","עובד בן 45 הותקף על ידי תנין במהלך פעילות שגרתית במתחם התנינים • מגדליו נפרדים ממנו לאחר שבילה 35 שנים באילת • ""מאוד מפתיע. קלרנס היה חלק מהבית שלנו. הוא היה האנרגיה שלנו""",2024-08-18T20:00:11.000Z,2024-08-18T20:17:42.000Z
https://www.israelhayom.co.il/animals/article/16204354,222936,13164,0.05904833674,הקרב על המים: המאבק של חיות הבר,"מאז קום המדינה הצטמצם שטח בתי הגידול הלחים בישראל, החשובים לחיות בר ולבני אדם כאחד, מ-180 אלף דונם לכ-10 אלף בלבד • אחד מהאתגרים בנושא הוא הצורך לשמור על מלאי מספק, איכותי ורציף של שטחים פתוחים מתפקדים אקולוגית • ""רק באמצעות מאמץ לאומי וגלובלי נוכל לשמור על המינים הנודדים""",2024-08-05T09:18:39.000Z,2024-08-05T09:18:39.000Z
https://www.israelhayom.co.il/animals/article/15425224,216599,25910,0.1196219742,ותודה לסבתא: מחקר חדש מגלה מדוע (כנראה) נפסקת הווסת,"רק נשים ונקבות בחמישה מיני לוויתני שיניים מגיעות לגיל המעבר • מדענים שבחנו נקבות של לווייתנים אלה מצאו: ההגעה לבלות קשורה לתוחלת חיים ארוכה יותר - ובמינים שבהם הנקבות מפסיקות להתרבות, הן מבלות זמן רב יותר עם גוריהן ונכדיהן • בכך גדל סיכויים לשרוד",2024-03-14T14:42:32.000Z,2024-03-14T21:23:25.000Z
https://www.israelhayom.co.il/animals/article/15922213,212423,4865,0.02290241641,יפות בלבן: החיות הלבנות בישראל שאתם חייבים להכיר,"באזורים בעולם שבהם יורד שלג בחורף, ישנם בעלי חיים שעוטים על עצמם לבן כדי להסתוות מטורפים או כדי לסייע לעצמם בחיפוש אחר טרף • מדוע המצב בארץ שונה – ואילו חיות כאלו תוכלו לצפות בסביבתנו? כל הפרטים",2024-06-16T12:04:15.000Z,2024-06-16T12:05:46.000Z
https://www.israelhayom.co.il/animals/article/16284596,212170,6574,0.03098458783,"בריכות, ימי הולדת וטיפול יופי: כך נראה ""גן ילדים"" ייחודי לכלבים במרכז הארץ | צפו","תיאודורה קרצ'ובסקי, מאלפת כלבים מוסמכת, החליטה לפתוח גן כלבים ייחודי ברמת גן, כשהמטרה העליונה לטענתה היא ""לתת את תשומת הלב הנדרש עבור חיות המחמד שלנו"" • ""אפשר לומר שהפכתי לכלב בעצמי. מה שמעניין אותי זה להיות איתם כל הזמן""",2024-08-19T08:32:34.000Z,2024-08-19T08:35:47.000Z
https://www.israelhayom.co.il/animals/article/15363248,193640,11653,0.06017868209,עם עזרה מחברים: למה צבועים תוקפים ביחד אריות?,"טורפים שחיים באותם אזורים מתחרים על אותם משאבים – ולפעמים גונבים זה מזה טרף • למרות שהאריות גדולים באופן משמעותי מהצבועים, הם לא חוששים לשתף פעולה כדי לתקוף את מלך החיות – ולגרשו מהאזור",2024-03-04T11:51:19.000Z,2024-03-05T13:49:06.000Z
https://www.israelhayom.co.il/animals/article/15703882,193738,9043,0.04667643931,במשקל כ-10 גרם: צפו בציפור השיר הנדירה שתועדה בישראל,"עלווית כהה תועדה לאחרונה בפארק הצפרות ""ראש ציפור"" שבגני יהושע, בפעם השלישית בלבד מאז הקמתו • אוכלוסייתה נמצאת בעיקר במזרח אסיה, אך ייתכן שהיא הגיעה ארצה יחד עם אוכלוסייה מסיביר שנדדה לאפריקה דרך ישראל",2024-05-07T07:02:27.000Z,2024-05-07T07:02:27.000Z
https://www.israelhayom.co.il/animals/article/16200305,199865,7956,0.03980686964,בשורה לזכויות בעלי החיים: איסור חדש ימנע פגיעה בתרנגולות,"איסור על הרעבה וכפיית הנשרה של תרנגולות נכנס לתוקף בשבוע האחרון • במהלך תקופת ההנשרה הטבעית של העופות, הם נוהגים להטיל ביצים בקצב מואט • על מנת להפחית הפסדים, תעשיית הביצים נקטה שיטה אכזרית להאצת התקופה שכללה הכנסת התרנגולות ל""סטרס"" והרעבתן",2024-08-04T14:35:45.000Z,2024-08-04T15:06:49.000Z
https://www.israelhayom.co.il/animals/article/15799253,208122,8103,0.03893389454,אורחת מיוחדת: הציפור הנדירה שהגיעה לביקור בישראל,"ביצנית מנומרת במשקל של כ-60 גרם בלבד עצרה בתחנת טיבוע בעמק חפר, לאחר שהגיעה ארצה מפינלנד • מדובר בציפור בעלת מקור ""משוכלל"" שלו גופי חישה מיוחדים המסייעים לה לאתר תולעים בבוץ",2024-05-23T12:35:47.000Z,2024-05-23T12:35:47.000Z
https://www.israelhayom.co.il/animals/article/16431898,179681,10479,0.05832002271,נגיחות וחרקים מתים: כל הסימנים לכך שהחתול שלכם אוהב אתכם,"למרות השם הרע שיצא להם, חתולים יכולים להיות חיית מחמד אוהבת ומתגמלת לא פחות מכלב • הנה כל הסימנים לכך שעברתם את המבחן והצלחתם לשכנע את החתול שלכם שזה לתמיד",2024-09-13T11:30:45.000Z,2024-09-15T06:07:19.000Z
https://www.israelhayom.co.il/animals/article/16798351,160513,20716,0.1290611975,"משרד החקלאות מציע 150 ש""ח עבור הריגת כלבים; מומחים מסכימים - המתה עלולה להחמיר את המצב","מדובר בתמיכה חסרת תקדים בתמריצים כספיים בפתרון בעיית הכלבים המשוטטים • המשרד לא מציג שום מדיניות סדורה לטיפול ארוך טווח והומני בסוגיה • לטובת הנוהל הוקצו כספים שאמורים לתמוך, בין היתר, בקיום ימי אימוץ",2024-11-17T16:40:25.000Z,2024-11-19T10:49:57.000Z
https://www.israelhayom.co.il/animals/article/15976398,160288,12967,0.08089813336,"""חריגים במיוחד"": גם לכם נדמה שהג'וקים הקיץ גדולים מהרגיל?","ברחבי הרשת צצים לאחרונה עוד ועוד דיווחים על תיקנים גדולים בצורה לא שגרתית, שמבהילים את אזרחי המדינה • האם באמת כך הדבר? בדקנו את הנושא עם מומחה – וחזרנו עם תשובות מפתיעות",2024-06-26T14:38:39.000Z,2024-06-26T14:38:39.000Z
https://www.israelhayom.co.il/animals/article/16135949,178004,5869,0.03297116919,הניסוי הישראלי שהוכיח: כך תוכלו לסייע בקלות לשמור על חיות הבר,"רשות הטבע והגנים יזמה ניסוי בתחום המדע האזרחי, שאחת ממטרותיו הייתה לפתח תוכנית ניטור שתתבסס על קהילות מקומיות • הניסוי גילה כי גם מתנדבים שאין להם מומחיות בזיהוי חיות בר יכולים לזהות עקבות שלהן במידה מספקת – ולסייע בניטור בעלי חיים במסדרונות אקולוגיים",2024-07-24T15:32:43.000Z,2024-07-24T15:32:43.000Z
https://www.israelhayom.co.il/animals/article/15157463,151851,10157,0.0668879362,הפיילוט החדש שיטפל בתופעת חתולי הרחוב,"התוכנית החדשה שמשרד החקלאות הקצה לה 5 מיליון שקלים, תפעל לטובת סיוע בעיקור החתולים, טיפול רפואי בהם ועזרה לרשויות בהתמודדות עם התופעה • ד""ר חן הניג, ראשת אגף רווחת בעלי חיים במשרד החקלאות: ""רק באמצעות שיתוף פעולה בין כולם נצליח להגיע לכלל ההישגים שהצבנו בפנינו""",2024-01-24T13:37:52.000Z,2024-01-25T11:57:38.000Z
https://www.israelhayom.co.il/animals/article/15759106,147674,4728,0.03201646871,מאז פרצה המלחמה: יותר מ-100 חיות שונות נקלטו במקלט הקופים הישראלי,"לדברי תמר פרדמן, מייסדת ומנכ""לית המקום, רבים מבעלי החיים שהגיעו אליו היו מבוהלים ואף פצועים • ""קיבלנו יעלים, למורים, יענים וכמובן שגם כלבים וחתולים – טיפלנו בכולם, ונמשיך בכך עד שהמלחמה תסתיים""",2024-05-16T14:37:00.000Z,2024-05-16T17:29:18.000Z
https://www.israelhayom.co.il/animals/article/16296028,146259,6350,0.04341613166,לא משאירים משפחה מאחור: הצעד של תומר למען הכלבים שלו - שריגש אלפים,"תומר ואשתו עוזבים את הארץ, ולא הסכימו להשאיר את הכלבים שלהם מאחור: ""הם המשפחה שלנו"" • לאחר שבדקו את כל האופציות, ומכיוון שמדובר בגזע מסוג דני ענק, הבינו שהדרך היחידה היא לחכור מטוס פרטי שעלותו היא כ-23,000 דולר, וכעת מחפשים שותפים לטיסה כדי להוזיל עלויות • הפוסט זכה לאלפי שיתופים וגם הצעות לעזרה כספית, אליהן סרבו: ""יש אנשים שצריכים את זה הרבה יותר מאיתנו""",2024-08-20T19:17:01.000Z,2024-08-20T20:03:40.000Z
https://www.israelhayom.co.il/animals/article/16674346,143419,8847,0.06168638744,אחת ולתמיד: למה חתולים מפחדים ממים?,"בעלי חתולים רבים שניסו לקלח את חיית המחמד שלהם, סיימו עם שלל שריטות והבנה שמדובר בשתי רשויות שצריכות הפרדה • למרות מה שנהוג לחשוב, לא כל החתולים מפחדים ממים וחלקם אפילו מחבבים את הקונספט",2024-10-27T14:55:09.000Z,2024-10-27T14:55:09.000Z
https://www.israelhayom.co.il/animals/article/16142814,144261,10912,0.07564067905,עושר חייתי חסר תקדים: סקר הטבע שגילה ממצאים מרהיבים בערבה,"בקיבוץ נאות סמדר התגלו 196 מינים שונים של חיות בר, בהם 80 מיני עופות ו-7 מיני יונקים – ואף התגלתה שפירית שלא תועדה מעולם בארץ • מהי משמעות הסקר ומה ניתן ללמוד ממנו? כל הפרטים",2024-07-25T15:45:45.000Z,2024-07-25T16:40:06.000Z
https://www.israelhayom.co.il/animals/article/16383924,137180,7238,0.05276279341,הפעולה הפשוטה שעשויה לעזור לכם להפחית סטרס ולישון טוב יותר,"מחקר חדש ומעניין חשף שהפתרון לשלווה  נמצא ממש מחוץ לחלון של כל בית • האזנה לשירת ציפורים יכולה לסייע במגוון תחומים, מבריאות נפשית ועד ריכוז • איך תצליחו להפיק מהן את האפקט המקסימלי?",2024-09-04T10:12:12.000Z,2024-09-04T13:40:01.000Z
https://www.israelhayom.co.il/animals/article/15849071,137408,6591,0.0479666395,סוף לתעלומה: האם חתולים באמת תמיד נוחתים על הרגליים?,"אחד המיתוסים המוכרים ביותר על חתולים הוא שלא משנה מה יקרה, הם יצליחו ליפול על רגליהם וימשיכו הלאה • אז האם המיתוס הזה בכלל נכון וכיצד המסקנות שלו עלולות להשפיע על בריאות החיה האהובה? כל הפרטים",2024-06-02T11:51:34.000Z,2024-06-05T09:03:15.000Z
https://www.israelhayom.co.il/animals/article/16606898,124460,3370,0.02707697252,"מפונים לירושלים: הצפרדעים הנדירות וטופאק הקרנף יועברו לגן החיות התנ""כי","המלחמה מאלצת גם את בעלי החיים לחפש מקלט רחוק מהצפון • 40 עגולשונים נדירים הועברו מאגם החולה לירושלים • טופאק הקרנף עבר מרמת גן ל""רווקיה"" בגן החיות התנכ""י • שני נמרים פרסיים ממתינים להגעה מצ'כיה, אחרי עיכובים בשל ביטולי טיסות",2024-10-13T14:45:09.000Z,2024-10-13T14:56:19.000Z
https://www.israelhayom.co.il/animals/article/16371586,135986,6463,0.0475269513,בכמה צעדים פשוטים: כך תהפכו את הכלב שלכם למאושר,"כלבים נראים כמו יצורים קלים יחסים לתפעול, אבל הם זקוקים לקצת יותר מאוכל וטיול קצרצר כדי להיות מאושרים באמת • איך תדאגו שהחבר הפרוותי שלכם יהיה מאושר ורגוע באמת?",2024-09-02T13:49:01.000Z,2024-09-02T13:49:01.000Z
https://www.israelhayom.co.il/animals/article/16264431,137065,5066,0.03696056615,רוצים לאמץ כלב? אלו האפשרויות שלכם,"אחרי תקופה משמעותית שבה כלבים ובעלי חיים רבים ננטשו בגבולות הארץ, כעת עמותות וירידים פועלים כדי לעודד אימוץ של כלבים בפעילויות שונות • אספנו עבורכם כמה אירועי אימוץ שלא תרצו לפספס",2024-08-15T12:03:46.000Z,2024-08-15T12:03:46.000Z
https://www.israelhayom.co.il/animals/article/15404421,123718,6542,0.05287832005,במשקל עשרות קילוגרמים: למה מדוזות ענק פוקדות את חופי ישראל?,"מדוזות ממין חוטית נודדת, המגיעות לקוטר של עד 90-80 סנטימטרים, הגיעו לאזורנו לאחר שככל הנראה שחו לפה עוד בקיץ הקודם: ""הן המשיכו לסיבוב חיים נוסף בים, שבמהלכו גדלו משמעותית"" • האם זה ישפיע על נחילי המדוזות שיגיעו לארץ בקיץ הקרוב?",2024-03-11T14:25:49.000Z,2024-03-11T14:25:49.000Z
https://www.israelhayom.co.il/animals/article/15333130,122583,5790,0.04723330315,מחזה נדיר ומשמח: עדר ראמים לבנים שנולד בטבע נצפה בנגב,"שמונה פרטים בוגרים ושני צעירים, ללא סימונים ומשדרים, אותרו כשהם מסתובבים חופשיים • ברשות הטבע והגנים, שהחלו להשיב לטבע את בעל החיים שנעלם מנופי ישראל בסוף המאה ה-19, הביעו שמחה: ""זה סימן להצלחת התהליך""",2024-02-27T10:25:53.000Z,2024-02-28T09:37:10.000Z
https://www.israelhayom.co.il/animals/article/14839613,114934,2891,0.02515356639,לא רק לכם קר: מהי תרדמת חורף – והאם היא באמת קיימת בארץ?,"התופעה, הידועה גם בשם ""שנת חורף"", נפוצה מאוד בקרב בעלי חיים, שמצמצמים כמעט לחלוטין את פעילותם כדי לשרוד • בעוד באירופה הדבר נפוץ מאוד, המצב בישראל שונה: ""החיות פשוט פועלות בצורה מתונה מאוד""",2023-11-19T10:46:15.000Z,2023-11-19T10:54:19.000Z
https://www.israelhayom.co.il/animals/article/15777616,116554,4848,0.04159445407,גאווה על ארבע: הזוכה בתערוכת הכלבים הבינלאומית – מישראל,"כשנה בלבד לאחר שעברה להתגורר בארץ, אירנה שוצ'קין ניצחה בתערוכה יותר מ-2,000 כלבים אחרים, בזכות כלבת הפודל השחור שלה, בוק • ברקע דעת הקהל העולמית נגד ישראל, שופטים מחו""ל הגיעו ארצה לשפוט בתחרות: ""למרות כל מה שאמרו – מרגישים מאוד בטוחים""",2024-05-20T09:50:09.000Z,2024-05-20T09:50:09.000Z
https://www.israelhayom.co.il/animals/article/16033271,107969,2900,0.02685956154,אירוע נדיר: הציפורים שמחברות בין מוקדי המלחמה,"שתי ציפורים שסומנו בתחנה לחקר ציפורי ירושלים נמצאו באוקראינה וברוסיה, במרחקים של יותר מ-2,000 ק""מ מישראל • יותם בשן, מנהל התחנה: ""הן ממחישות עד כמה לטבע אין גבולות""",2024-07-07T05:00:41.000Z,2024-07-07T06:48:09.000Z
https://www.israelhayom.co.il/animals/adoption/article/14799540,111867,3474,0.03105473464,דווקא עכשיו: הכלבים והחתולים שמחכים לבית חם | פינת האימוץ,"המתוקים שתראו פה ממתינים לבית שייקח אותם באהבה ובחום לחיים מאושרים ומלאי ליטופים וליקוקים • הכירו את אוריאו, קיקי, ג'וזפין, סנואו, אליאס, כתם ועוד - ואמצו אותם עוד היום",2023-11-08T12:20:09.000Z,2023-11-08T12:20:09.000Z
https://www.israelhayom.co.il/animals/article/15073060,108462,9592,0.08843650311,אחת ולתמיד: האם דורבנים באמת יורים קוצים?,"ישנו מיתוס שלפיו הדורבן יורה קוצים על בני אדם,  אך האמת היא שהחיה הזו כלל לא יודעת לעשות זאת • לדברי אביהוא שרווד, יו""ר עמותת ""למען חיות הבר"", 700 דורבנים נהרגים בכל שנה בארץ בזמן חציית כבישים: ""בדרך כלל, החיה סובלת מאוד מפגיעת הרכב – ואנו נאלצים להרדים אותה""",2024-01-09T12:42:56.000Z,2024-01-09T13:14:13.000Z
https://www.israelhayom.co.il/animals/article/15818671,95788,13247,0.1382949848,מחווה מלכותית: הצעד המפתיע של המלכה קמילה,"מלכת בריטניה הכריזה כי היא לא תרכוש יותר בגדים העשויים פרווה אמיתית, לאחר שהתבקשה לעשות זאת מצד ארגוני בעלי חיים בממלכה • בכך, היא ממשיכה את קודמתה, אליזבת, שהחלה בצעד מספר שנים לפני מותה",2024-05-27T14:10:41.000Z,2024-05-27T15:59:53.000Z
https://www.israelhayom.co.il/animals/article/15646241,107512,4876,0.04535307687,"ד""ש מההיסטוריה: התגלה חרק שחי לפני כ-99 מיליון שנים","החרק שקיבל את השם ""גלימה מצוירת"" תואר למדע על ידי שני חוקרים ישראלים • הוא בולט בצבעוניותו ובצורותיו הייחודיות, שלדעת החוקרים שימשו כאמצעי הרתעה מפני טורפים • התגלית החדשה מסייעת לחוקרים להבין טוב יותר כיצד נראתה סביבת החיים והמגוון הביולוגי באזור באותה התקופה",2024-04-24T04:00:36.000Z,2024-04-29T18:45:01.000Z
https://www.israelhayom.co.il/animals/article/16212851,97395,4261,0.04374967914,"""לא חיפשתי לאמץ כלב עיוור, אבל סטיבי ממש התאים לי""","כשעופרי רוזנטל תכננה לאמץ כלב, היא לא חשבה לאמץ כלב נכה • לאחר שפגשה בסטיבי והבינה שהוא מתאים למה שחיפשה, היא הכניסה אותו לביתה – והתאהבה: ""אני בכלל לא מרגישה את המוגבלות שלו"" • וגם: לוח השנה של חיות המחמד הנכות שהופך אותן לגיבורי על",2024-08-06T14:29:40.000Z,2024-08-07T14:06:01.000Z
https://www.israelhayom.co.il/animals/article/15743155,104117,4539,0.04359518618,"""המדינה לא מסייעת בדבר"": הישראלי שזכה בתחרות הכלבים החשובה בעולם פותח הכל","למרות שהוא מממן הכל מכיסו הפרטי, רן לוי ממשיך להתחרות עם כלבו תור בתחרויות המונדיאורינג – ואף לזכות בשלל מדליות ותארים • ""כשדגל ישראל מונף על הפודיום, זו גאווה ישראלית שמוצגת בפני מיליוני צופים – ולכן אני חושב שהמדינה צריכה לתמוך בספורט הזה""",2024-05-14T13:54:30.000Z,2024-05-15T07:57:55.000Z
https://www.israelhayom.co.il/animals/article/14809636,103646,3143,0.03032437335,"""מצב בלתי נסבל"": קריאה לממשלה לאפשר למפונים להכניס חיות מחמד למלונות","במכתב בהול שפורום עורכי הדין להגנה על בעלי החיים העביר לארבעה שרים, נכתב כי האיסור של כמה בתי מלוו פוגע במפונים ובחיות כאחד • ""הם תומכים ומנחמים אחד את השני, הפרידה גורמת צער ועוגמת נפש בלתי מתוארים""",2023-11-11T09:10:07.000Z,2023-11-11T09:10:07.000Z
https://www.israelhayom.co.il/animals/article/15135639,90954,4150,0.04562746003,יחיד במינו: פינגווין נדיר במיוחד תועד באנטרקטיקה,"צלם צ'יליאני הצליח לצלם ביבשת הקרה פינגווינית שסובלת מבעיית פיגמנטציה גנטית, שהותירה אותה לבנה לגמרי • הדבר מעמיד אותה בסכנת חיים, שכן כשהיא צוללת במים היא תבלוט מאוד לטורפים פוטנציאליים",2024-01-21T10:13:42.000Z,2024-01-21T10:13:42.000Z
https://www.israelhayom.co.il/animals/adoption/article/14914697,92693,3688,0.0397872547,דווקא עכשיו: הכלבים והחתולים שמחכים לבית חם | פינת האימוץ,"המתוקים שתראו פה ממתינים לבית שייקח אותם באהבה ובחום לחיים מאושרים ומלאי ליטופים וליקוקים • הכירו את טופי, אלישע, ביאנקה, גשם, אבירם, מאצ'ו, גולדי, אמילי ועוד – ואמצו אותם עוד היום",2023-12-06T13:28:16.000Z,2023-12-06T13:28:16.000Z
https://www.israelhayom.co.il/animals/article/14809945,83519,2273,0.02721536417,"""ללא הגנה על מיליוני הציפורים הנודדות שעוברות בארץ, עתידן לא יהיה מזהיר""","כ-300 מיני ציפורים חולפים בשמי ישראל בעונת הנדידה, אך לדברי כותבי ספר חדש שעוסק בנושא – חוסר השמירה עליהן עלול לפגוע בהן • ""כשלנו בהעלאת המודעות לכך, אבל כאנשי מחקר ושימור הטבע – אנו לא מתייאשים ממאבקנו""",2023-11-12T09:36:49.000Z,2023-11-13T07:53:40.000Z
https://www.israelhayom.co.il/animals/article/15604912,88567,2780,0.03138866621,דווקא עכשיו: הכלבים והחתולים שמחכים לבית חם | פינת האימוץ,"המתוקים שתראו פה מחכים לבית חם שייקח אותם באהבה לחיים מאושרים ומלאי ליטופים וליקוקים • הכירו את גפן, צ'רנובה, אוסקר, מילקי, טרזן, אפורית, סובי, קופר ועוד – ואמצו אותם עוד היום",2024-04-15T14:34:13.000Z,2024-04-15T14:34:13.000Z
https://www.israelhayom.co.il/animals/article/15248880,84013,5647,0.06721578803,"במהלך פעילות מבצעית: מילואימניקים חילצו 3 צבאים מיו""ש","חיילים מגדוד 43 של חטיבת כפיר חילצו את החיות לאחר שהבחינו בהן מוחזקות בשבי בבית פרטי • לאחר שחולצו בשלום, הן נבדקו – והתגלה כי הן סובלות מרזון וממצב גופני לקוי • אחרי שטופלו, הן שוחררו בחזרה לטבע",2024-02-11T14:38:59.000Z,2024-02-11T14:40:39.000Z
https://www.israelhayom.co.il/animals/article/17216706,83101,7651,0.0920686875,קבלו את השמות הכי מקוריים לכלבים בישראל לשנת 2024,"הידעתם? ""בול עץ"" ו""אל פצ'ינו"" יכלוים להיות גם שמות של כלבים • סקר הכלבים הגדול כולל את השמות המיוחדים ביותר שניתנו לכלבים בשנה שעברה, הגזע הכי פופולארי, כמה כלבים אומצו וכמה כלבים נולדו השנה בארץ • משרד החקלאות חושף את נתונים מעניינים על חברו הטוב של האדם",2025-01-23T12:26:28.000Z,2025-01-29T17:38:43.000Z
https://www.israelhayom.co.il/animals/article/15869543,81749,2414,0.0295294132,"""הדרך הטובה ביותר לחגוג את יום הולדתו"": אירוע אימוץ כלבים מיוחד למען החטוף","עידן שתיוי נחטף לעזה ב-7 באוקטובר לאחר שנפצע מירי מחבלים • סתיו, בת זוגו, סיפרה ל""ישראל היום"" כי הוא רק רוצה לעשות טוב: ""הוא מאוד אוהב חיות וגידל כלבים כל חייו, זו הדרך שלנו לציין את ערכיו""",2024-06-05T17:53:47.000Z,2024-06-06T14:04:33.000Z
https://www.israelhayom.co.il/animals/article/17471316,83036,4656,0.05607206513,"מרגש: בעלי החיים המצויים בסכנת הכחדה שוחררו מגן החיות התנ""כי - ושבו לטבע","שישה יחמורים פרסיים, שלושה זכרים ושלוש נקבות שוחררו להרי ירושלים - במטרה להגדיל את תפוצתם בטבע • ההשבה הנוכחית היא חלק ממבצע רב שנים להשבת החיה הנדירה לטבע • גן החיות מנהל כבר שני עשורים להשבת החיה הנדירה לטבע, כאשר בשטח משוטטים יותר מ-150 פריטים, חלקם כבר הומלטו בטבע • גן החיות התנכ""י הוא היחיד בעולם שמתקיימים בו 6 פרוייקטים של גידול והשבה אל הטבע",2025-03-03T18:52:09.000Z,2025-03-04T08:03:27.000Z
https://www.israelhayom.co.il/animals/article/14860296,82026,1865,0.02273669324,מדאיג: ירידה במספר השקנאים שנודדים דרך ישראל,"לפי רשות הטבע והגנים, חלה ירידה משמעותית גם במספר השקנאים שנשאר בארץ במהלך עונת הנדידה • ספירת ימי שהות השקנאים נעשית כדי להיערך להאכלתם בדגים מהסוג שלא נמכר לציבור",2023-11-25T09:00:19.000Z,2023-11-25T09:00:19.000Z
https://www.israelhayom.co.il/animals/article/16101779,82258,9837,0.1195871526,"""תוכנית המדינה לעיקור וסירוס חתולי רחוב היא הרת אסון""","לאחר הפרסום ב""ישראל היום"" לפיו מיליוני שקלים יועברו לעשרות רשויות מקומיות לטיפול בתופעת החתולים המשוטטים, בעמותת ""תנו לחיות לחיות"" טענו כי הצעד של משרד החקלאות מהווה בכלל עיכוב חמור בהקצאת תקציב שקבוע בחוק • ""זו דוגמה נוספת לכך שנושא הגנת החיות בארץ צריך לעבור לרשות עצמאית, כזו שתדאג להן באמת""",2024-07-18T12:13:58.000Z,2024-07-18T12:18:27.000Z
https://www.israelhayom.co.il/animals/article/15851097,75459,5338,0.07074040207,המומחה מזהיר: היכונו - הקיץ הקרוב יהיה מלא במדוזות | כך תתכוננו בהתאם,"""אנו רואים כבר את הסנוניות הראשונות של נחיל ענק שיגיע ככל הנראה לקראת סוף החודש"", אומר ד""ר דור אדליסט, מומחה העוסק בחקר המדוזות • אז מה עושים אם נעקצנו ומאיזה חופים כדאי להימנע? • כל מה שרציתם לדעת על ""החוטית הנודדת"" שתלווה אותנו לאורך הימים החמים",2024-06-02T17:30:02.000Z,2024-06-02T17:30:02.000Z
https://www.israelhayom.co.il/animals/article/15770530,76057,1902,0.02500756012,כשבחוץ חום אימים: כך תגרמו לחתול שלכם לשתות יותר מים,"מזג האוויר הרותח גורם לכולנו לשתות יותר נוזלים – וכך גם אצל חיות המחמד שלנו • אז כמה בדיוק חתול צריך לשתות, איך החלפת קערת המים תעזור לו וכיצד תוכלו לדעת אם הוא בכלל התייבש? כל הפרטים",2024-05-19T11:50:39.000Z,2024-05-19T12:35:13.000Z
https://www.israelhayom.co.il/animals/adoption/article/16088152,72953,2797,0.03833975299,דווקא עכשיו: הכלבים והחתולים שמחכים לבית חם | פינת האימוץ,"המתוקים שתראו פה מחכים לבית חם שייקח אותם באהבה לחיים מאושרים ומלאי ליטופים וליקוקים • הכירו את פלורה, סילי, ג'ולי, סנופי, שוורץ, לוציוס ועוד – ואמצו אותם עוד היום",2024-07-16T12:44:42.000Z,2024-07-16T12:44:42.000Z
https://www.israelhayom.co.il/animals/article/15410300,72600,4270,0.058815427,"""הכל נשרף בתוך דקות בודדות – חוות החיות, הבית שלי וגם חלום חיי""","רן פחימה הציל מאז 7 באוקטובר אלפי חיות, אותן חיבר עם בעליהן או העניק להן טיפול רפואי • אחרי הזוועות שראה ביישובי עוטף עזה, ביתו ופנסיון בעלי החיים שלו נשרפו לגמרי • כעת, הוא מבקש את עזרת הציבור בשיקום המקום: ""אני קרוע שלא הצלחתי להציל את כל החיות, זה שובר אותי""",2024-03-12T13:11:27.000Z,2024-03-12T13:11:27.000Z
https://www.israelhayom.co.il/animals/article/15101468,81215,3576,0.04403127501,חסד אחרון: איך מטפלים בספארי בדובה שסובלת מגידול ממאיר?,"מאז שחזר הגידול של הדובה החומה הסורית בו, רגליה מתקשות לשאת את משקל גופה • כעת, בספארי מאפשרים לה לחיות ברווחה ככל האפשר – ומתכוננים ליום שבו תלך לעולמה • אז, יאפשרו לבבט, אחותה שצמודה אליה מאז נולדו, להיפרד ממנה: ""זה קשה מאוד לראות חיה סובלת""",2024-01-15T09:25:15.000Z,2024-01-16T14:22:50.000Z
https://www.israelhayom.co.il/animals/article/16342180,70882,2313,0.03263169775,לא רק נסחפות: המדוזות יודעות בדיוק לאן הן שוחות,"במחקר שבדק את דפוסי הנדידה של סוג המדוזות הנפוצות ביותר בישראל התגלה שהן שוחות באופן מכוון ומאורגן לכיוון מערב • עורך המחקר ד""ר להן: ""אם הן היו נסחפות היינו יכולים לחזות את התנועה של הנחילים""",2024-08-28T11:15:02.000Z,2024-08-28T11:15:50.000Z
https://www.israelhayom.co.il/animals/article/16327803,65749,2071,0.03149857793,"סקאר, רופרט, שושוק: התל-אביבים שהולכים על ארבע","לרגל יום הכלב הבינלאומי יצאנו לפגוש כלבים ובעליהם • גזעים כמו שיצו, פומרניאן ורועה גרמני נהנים מפופולריות רבה בישראל, אך גם כלבים מעורבי גזע זוכים לאהבה רבה • הב שמח",2024-08-26T10:28:24.000Z,2024-08-26T14:29:15.000Z
https://www.israelhayom.co.il/animals/article/14994399,67515,2322,0.03439235725,הכלב פוחד מהרעמים? כך תוכלו להקל עליו,"גם חברו הטוב ביותר של האדם עלול לפחד מרעמים, וכמובן שנרצה לסייע לו להתמודד עם החששות • למה זה קורה לו, מה צריך לעשות בזמן התקף חרדה ואיך נוכל לסייע לכלב שלנו להתמודד עם הפחד?",2023-12-24T09:52:59.000Z,2023-12-24T09:54:56.000Z
https://www.israelhayom.co.il/animals/article/14973553,65004,3637,0.05595040305,איזו מתיקות: כלבי השירות שהגיעו לבקר חיילים פצועים,"מתנדבים הגיעו עם כלבי שירות למרכז הרפואי ברזילי, כדי להעלות חיוך בקרב החיילים שנפצעו במלחמה אשר אושפזו במקום • רס""ן מיתר סלע, שהקימה את הפרויקט: ""כשכלב מרגיש שאתה זקוק לו, הוא יהיה שם בשבילך""",2023-12-19T11:35:44.000Z,2023-12-19T11:35:44.000Z
https://www.israelhayom.co.il/animals/article/14820121,72486,1933,0.0266672185,"אל תשאירו אותן בחוץ: ""אפשרו גם לחיות המחמד להיכנס למקלטים""","לאחר מספר מקרים שבהם שכנים התווכחו על הכנסת בעלי חיים למקלט בזמן הישמע אזעקה, במשרד החקלאות קראו לציבור ולרשויות המקומיות לאפשר את כניסתם • זו הסיבה שהדבר חשוב לחיה ולבעליה, וכך תוכלו להפחית את הפחד מהחוששים ממנה",2023-11-14T07:00:57.000Z,2023-11-14T07:19:12.000Z
https://www.israelhayom.co.il/animals/article/16153936,61964,4979,0.08035310826,הדג הגדול ביותר בעולם: כ-100 מטרים מהחוף - כריש לווייתן תועד במפרץ אילת,"כריש לווייתן באורך של כ-6 מטרים, שמגיע בשיאו למשקל של כ-20 טונות, תועד בשמורת האלמוגים בעיר הדרומית • שגיא דוד כברה, מדריך צלילה חופשית שצילם אותו: ""המפגש האחרון היה לפני חצי שנה - חיכיתי הרבה זמן לראות אותו שוב"" • צפו",2024-07-28T06:11:28.000Z,2024-07-28T09:36:57.000Z
https://www.israelhayom.co.il/animals/article/17159037,57973,1491,0.02571886913,מבצע הצלה בערבה: חמישה אפרוחי יען נדירים שוחררו בחי בר יוטבתה,"האפרוחים שבגרו שוחררו לשטח פתוח אחרי שהגיעו כמעט לגודל ולמשקל מלאים • היענים הצעירים, בני 10 חודשים, הם חלק מקבוצה בת 9 יענים שבגרו בחי בר",2025-01-15T13:05:00.000Z,2025-01-15T13:05:00.000Z
https://www.israelhayom.co.il/animals/article/16853181,57957,3118,0.05379850579,"הספארי נפרד בכאב: שאול ה""דרקון"" הלך לעולמו","שאול, לטאת הכוח מסוג קומודו הגיע לפני עשור לספארי כחלק מניסיונות לשימור המין אשר הולך ונכחד • הוא נמצא בחצרו ללא רוח חיים, מטפליו כמו גם מבקרים רבים שהכירו אותו מתקשים להיפרד • מאז הגעתו, הוא היווה שגריר מצוין לבני מינו והיה חלק חשוב ממאמצי החינוך וההסברה של הספארי בנושא שימור זוחלים",2024-11-26T15:28:15.000Z,2024-11-26T15:30:49.000Z
https://www.israelhayom.co.il/animals/article/15791119,64370,6440,0.1000466056,כבר לא מעצמה: המעמד של ישראל נפגע – וזו הסיבה,"אם בעבר חלפו דרך הארץ מיליארד ציפורים בשנה, משבר האקלים הביא לצניחה של עשרות אחוזים במספרן • מה עוד פוגע בהן וכיצד פועלים בקק""ל לשמירה על ציפורי הבר? כל הפרטים",2024-05-22T10:34:38.000Z,2024-05-22T10:49:27.000Z
https://www.israelhayom.co.il/animals/article/15578939,62663,2737,0.04367808755,האם חיות מזהות את עצמן – ומה זה בעצם אומר עליהן?,"לא כל החיות עוברות את מבחן המראה, שבודק אם בעלי חיים מסוגלים לזהות את ההשתקפות של עצמם • כמה מחקרים שניסו לבחון את התחום מעבר למבחן, בדקו מה משמעות התוצאות",2024-04-10T13:33:04.000Z,2024-04-10T13:33:04.000Z
https://www.israelhayom.co.il/animals/article/15096413,57369,1467,0.02557130157,"""עולם שלא היינו מודעים לו"": ספירת הציפורים השנתית יוצאת לדרך","מאות אוהבי ציפורים ומתנדבים מתעדים ומדווחים בכל שנה על מיני ציפורים שונים אותן הם רואים באזור מגוריהם • כך, המשתתפים מבצעים פעילות מהנה, מתחברים לטבע – ואפילו מסייעים לחוקרים • איך תעשו זאת בעצמכם? כל הפרטים",2024-01-14T12:33:49.000Z,2024-01-14T12:49:59.000Z
https://www.israelhayom.co.il/animals/article/15896953,55727,2065,0.03705564628,לרגל חג השבועות: האם כדאי לתת מאכלי חלב לחתולים וכלבים?,"רבים נוהגים לשתף את חיות המחמד שלהם במאכלי החג – אך מסתבר שכל עוד הם אוכלים מזון מאוזן ומלא, הם לא זקוקים לתוספות שונות • אבל האם הם כדאי לתת להם לאכול פירות? זה מה שהמומחה ענה",2024-06-10T14:40:37.000Z,2024-06-10T14:49:31.000Z
https://www.israelhayom.co.il/animals/article/15750670,57396,2625,0.04573489442,בשורה מעודדת: גדילה משמעותית באוכלוסיית העופות שנודדים דרך ישראל,"לפי נתוני הספירה השנתית של הקורמורן הגדול, יותר מ-19 אלף פרטים נספרו ב-14 אתרים • ההערכה היא כי המספר גבוה אף יותר, שכן בשל המצב הביטחוני, לא בוצעה ספירה בשלושה אתרים בצפון הארץ",2024-05-15T13:50:07.000Z,2024-05-15T13:53:32.000Z
https://www.israelhayom.co.il/animals/article/15520146,57874,3857,0.06664478004,מי רוצה להפריד בין הציפור והכלבה שהפכו לחברות הכי טובות?,"הכלבה פגי התחברה לעקעק אוסטרלי בשם מולי, שהפכו לאושיות רשת של ממש במדינה • לאחר שהתפרסמו, הבעלים של הציפור נאלצו להעביר אותה לרשויות, שטענו שהוחזקה שלא כחוק – ועוררו סערה גדולה",2024-04-01T09:24:32.000Z,2024-04-01T09:24:32.000Z
https://www.israelhayom.co.il/animals/article/16049302,57826,1391,0.02405492339,"בית ספר לקופים: ""הם מגיעים אלינו ללמוד כיצד לתקשר עם קופים אחרים""","במקלט הקופים הישראלי מתגוררים מאות קופים, רבים מהם יוצאי מעבדות • מייסדת ומנהלת המקום שיתפה בתהליך שעוברים הקופים המגיעים אליו – וסיפרה על כמה חיבורים מרגשים במיוחד",2024-07-09T12:55:15.000Z,2024-07-09T12:55:15.000Z
https://www.israelhayom.co.il/animals/article/15229860,51166,2590,0.05061955205,המהלך שיטפל בתופעת זיווג ומכירת חתולים וכלבים,"הכנסת אישרה בקריאה טרומית הצעת חוק שנועדה לשים סוף לתעשייה האכזרית, שבה כלבות מוחזקות בכלובים כדי שיספקו לבעליהן גורים קטנים • כיצד ייפגעו אלו שיעברו על החוק – ואילו כלבים יוחרגו ממנו? כל הפרטים",2024-02-07T12:21:21.000Z,2024-02-07T14:40:26.000Z
https://www.israelhayom.co.il/animals/article/15009951,52799,1860,0.03522793992,חברם הטוב ביותר: הלוחמים שמספרים על חיות המחמד שלהם,"אחרי יותר מ-80 ימי לחימה, מפגש קצר של החיילים מהחזית עם חיית המחמד האהובה שלהם מספיק כדי להעניק להם אושר, אהבה וכוח • חמישה לוחמים מספרים על ""בן המשפחה הנוסף"" שלהם",2023-12-27T09:21:57.000Z,2023-12-27T09:21:57.000Z
https://www.israelhayom.co.il/animals/article/15462190,44240,1358,0.03069620253,"מיוחד לפורים: החיות ש""מתחפשות"" בכל יום","בעלי חיים רבים נוהגים להסוות את עצמם על מנת לשרוד את נחת זרועם של טורפים פוטנציאליים, או כדי להצליח לטרוף חיות אחרות בעצמם • מי נטמע במים בזכות גבו השחור ומי דואג דווקא להבליט את צבעיו? פרויקט מיוחד לחג",2024-03-21T09:53:53.000Z,2024-03-21T11:34:58.000Z
https://www.israelhayom.co.il/animals/article/16121251,49242,1447,0.02938548394,"מחקר חדש מגלה: כך צלופחים יכולים להשתלב בדנ""א של דגים אחרים","חוקרים גילו כי הזרם שצלופח חשמלי מייצר מסוגל לגרום לדנ""א שנמצא במים לחדור לתאים של דגי זברה • לאחר מכן, מצליח הזרם להשתלב בחומר התורשתי שלהם - וגורם בתורו לתופעה מופלאה",2024-07-22T10:16:34.000Z,2024-07-23T12:06:39.000Z
https://www.israelhayom.co.il/animals/article/16764085,48374,3893,0.08047711581,"מרעידן, זאבן וששן: מאילו עכבישים ארצישראליים צריך להיזהר?","לעכבישים יש יחסי ציבור גרועים, אבל בפועל מדובר בבעל חיים פחדן שמביא לבני האדם תועלת רבה • כך תוכלו לזהות אותם ולדעת מי מסוכן, ומי יעזור לכם להדביר מזיקים",2024-11-11T18:37:18.000Z,2024-11-13T12:08:10.000Z
https://www.israelhayom.co.il/animals/article/14871718,43366,1049,0.02418945718,הכלב בדיכאון מהחורף? הטיפים שיעזרו לכם לטפל בו,"מסתבר שגם חברו הטוב ביותר של האדם עלול לסבול מ""דיכאון עונתי"", תופעה המוכרת גם בבני אדם שנגרמת מחילופי עונות - ובעיקר בחורף • רוצים לסייע לכלב שלכם? קבלו את הטיפים של המומחים",2023-11-27T08:45:38.000Z,2023-11-27T08:45:38.000Z
https://www.israelhayom.co.il/animals/article/16844083,41428,783,0.01890026069,"הספארי מתחדש: שני סייחים מתוקים, זכר ונקבה, הצטרפו לאחרונה לעדר הזברות","הסייחים נולדו לפני שמונה ימים לשתי נקבות זברה שונות, משקלם מוערך בכ-30 ק״ג • הם מסתובבים בסוואנה האפריקאית וניתן לראותם לצד האמהות שלהם • קוראי ""ישראל היום"" מוזמנים להציע עבורם שמות, אותם נעביר לספארי",2024-11-25T11:14:34.000Z,2024-11-25T12:47:47.000Z
https://www.israelhayom.co.il/animals/article/14675937,41894,1441,0.0343963336,הכלב אוכל מזון מבוסס דגים? זה מה שאתם חייבים לדעת עליו,"ידוע שבדגים יש חלבון וחומצות שונות שתורמות לא רק לבני האדם, אלא גם לכלבים • מעבר לכך שאוכל שמתבסס על דגים מסייע לפרווה מבריקה, במה עוד הוא יכול לסייע בריאותית לחברו הטוב ביותר של האדם?",2023-11-07T11:50:39.000Z,2023-11-07T11:50:39.000Z
https://www.israelhayom.co.il/animals/article/15960486,39894,5592,0.1401714544,התוכנית של המדינה לטיפול בתופעת החתולים המשוטטים בארץ,"מיליוני שקלים יועברו לעשרות רשויות מקומיות לטיפול בתופעה, שבמסגרתה חיים בישראל כמיליון חתולים משוטטים • ""התמיכה תגדיל את יכולתן של רשויות חלשות כלכלית לקדם את הנושא, שלו השפעה ישירה על איכות חיי התושבים ורווחת החיות המשוטטות""",2024-06-24T05:30:25.000Z,2024-06-25T09:59:55.000Z
https://www.israelhayom.co.il/animals/article/14886582,41537,2750,0.06620603318,הכלבה בלה שוחררה מהשבי: כיצד בעלי חיים מתמודדים עם טראומה?,"לאחר ששהתה יותר מ-50 ימים בשבי חמאס עם מיאה ליימברג ואמה גבריאלה, גם בלה יצאה לחופשי • כיצד השהות המשותפת שלהן חיזקה אותן ואיך היא תוכל לחזור לשגרה שלפני החטיפה?",2023-11-30T10:05:12.000Z,2023-11-30T10:05:12.000Z
https://www.israelhayom.co.il/animals/article/14902631,38131,1292,0.03388319215,יותר מסתם ליקוק: כך כלבים יכולים לסייע לאנשים שחוו אירועים טראומטיים,"ליטוף, ליקוק ומגע ישיר הם כמה מהדרכים שבהן כלבי שירות יכולים לעזור לפוסט-טראומטיים לנסות לחזור לשגרה • ""זו חיה לא שיפוטית שתמשיך לאהוב את בעליה ללא סייג – וזאת תמיכה בעלת עוצמה והשפעה רבה""",2023-12-04T09:52:13.000Z,2023-12-04T09:52:13.000Z
https://www.israelhayom.co.il/animals/article/16929604,37751,1015,0.02688670499,"התרגשות גדולה בספארי: ""רעי"" הקרנף נולד בסוואנה של רמת גן","ריהאנה, קרנפה רחבת שפה בת 15, ילדה את הגור הרביעי שלה במשקל 50 ק""ג • הספארי העניק לו את השם ""רעי"" כמסר של תקווה ואחדות ברוח התקופה • הקרנף הקטן יבלה את השבועות הקרובים במתחם מבודד לפני שיצטרף לשאר הקרנפים בסוואנה",2024-12-09T08:31:51.000Z,2024-12-09T08:31:51.000Z
https://www.israelhayom.co.il/animals/article/15002156,39011,1779,0.04560252237,רק אתם תחליטו: מי תהיה ציפור השנה של ישראל?,"כמדי שנה, גם ב-2023 מתקיימת התחרות - שיכולה אפילו לספק מעט אסקפיזם ברקע המלחמה • מיהן המועמדות השנה, מה הסיפור שלהן - ואיך אפשר להצביע ולהשפיע? כל הפרטים",2023-12-26T07:15:21.000Z,2023-12-26T08:58:20.000Z
https://www.israelhayom.co.il/animals/article/17503999,39284,1050,0.02672843906,לאן נעלמו הפרפרים? ירידה של כ-34 אחוז במספרם בישראל מאז שנת 2000,51 מתוך 133 מיני הפרפרים המקומיים מוגדרים בסכנת הכחדה • מחקר חדש מציג נתונים בעייתים גם בארצות הברית • הצניחה במספר הפרפרים היא סימן מדאיג למצב מצב המערכת האקולוגית כולה,2025-03-09T10:08:33.000Z,2025-03-09T10:08:33.000Z
https://www.israelhayom.co.il/animals/article/17522625,39462,925,0.02344027165,לסקרן את הגורילה: תלמידים בנו אטרקציות מיוחדות לבעלי החיים בספארי,"התלמידים תכננו ובנו שידות ייחודיות המיועדות לאתגר את הגורילות, השימפנזים וחיות נוספות בגן החיות • ""פרויקט זה מדגים את ההשפעה המשמעותית של העשרה סביבתית על חיות הבר, ואת החשיבות של שילוב מחקר מדעי עם יצירתיות חינוכית"", אומרת המורה האחראית על המיזם",2025-03-11T17:40:58.000Z,2025-03-13T08:30:24.000Z
https://www.israelhayom.co.il/animals/article/16044264,28970,1394,0.04811874353,"""סלבס שקונים כלבים הם חלק משרשרת נוראית של ניצול, התעללות ומוות""","כשקרן פלס פרסמה שקנתה כלב, הרשת געשה – אבל לא נראה שרבים טרחו בכלל להתעמק במשמעות הקשה של המעשה • תעשיית הכלבים הגזעיים יוצרת בעיות קשות מאוד שגורמות לכלבות לשמש כמכונות לייצור גורים, מה שגורם, בין היתר, לכך שאלפי כלבים בריאים מומתים בישראל בכל שנה",2024-07-08T14:30:55.000Z,2024-07-18T11:52:19.000Z
https://www.israelhayom.co.il/animals/article/15726203,32573,3756,0.1153102263,"לאחר ש-12 לוחמים הגיעו לביה""ח: עד כמה צרעות מסוכנות לנו, ואיך מתמודדים?","בעקבות המקרה החריג בו 11 לוחמים נפצעו קל ועוד אחד בינוני, לאחר שעלו על קן צרעות ברצועת עזה, יצאנו לבדוק עד כמה עקיצתן עלולה לפגוע באדם • ואם נעקצים - אלו התסמינים, איך תתמודדו איתם - ובאילו מקרים עליכם לפנות לטיפול רפואי?",2024-05-10T13:30:46.000Z,2024-05-10T17:51:33.000Z
https://www.israelhayom.co.il/animals/article/15377732,30154,932,0.03090800557,בדרך לקריאה ראשונה: רשויות מקומיות יוכלו להקים מאגר DNA לצואת כלבים – לצורך אכיפה,"במהלך דיון בוועדת הכלכלה בכנסת, עלה כי אף משרד לא רוצה לקבל אחריות על יישום הצעת החוק • ח""כ שירי: ""ההצעה לא עוסקת רק בלא לדרוך בקקי, היא אמורה להתמודד עם הבעיה"" • יו""ר הוועדה ח""כ ביטן ביקש לבחון להטיל אחריות ליישום החוק על השלטון המקומי • למרות זאת, בעלי הכלבים לא יחויבו למסור דגימת דנ""א",2024-03-06T13:06:45.000Z,2024-03-06T13:56:08.000Z
https://www.israelhayom.co.il/animals/article/16074760,31371,904,0.02881642281,לאחר שחולצו מהאש: הנשרים שניצלו מהשריפה בצפון הושבו לכלובם,"כמה ימים לאחר שששת הנשרים פונו משמורת הטבע גמלא בעקבות הדליקה שפרצה בסמוך לכלובים שבהם שהו – הם הוחזרו אליהם בריאים ושלמים • ""הם היו פחות לחוצים מהחילוץ עצמו, אז ההשבה הייתה פשוטה יותר""",2024-07-14T09:44:46.000Z,2024-07-14T09:44:46.000Z
https://www.israelhayom.co.il/animals/article/17346611,29070,3535,0.1216030272,"""רגע לפני שהאדמה רועדת, החמורים שלי בוכים""","גיורגוס סיריגוס מסנטוריני מגדל חמורים ופרדות שסוחבים את התיירים בהרי האי • הוא החליט להישאר באי הרועד בכל יום: ""אני לא מפחד, אבל החמורים שלי כן"" • בבירת האי, פירה, אנטוניס מנסה להרגיע את מאות הכלבים והחתולים שנותרו מאחור",2025-02-12T07:40:42.000Z,2025-02-12T07:40:42.000Z
https://www.israelhayom.co.il/animals/adoption/article/15141209,26891,1758,0.06537503254,דווקא עכשיו: הכלבים והחתולים שמחכים לבית חם | פינת האימוץ,"המתוקים שתראו פה מחכים לבית חם שייקח אותם באהבה לחיים מאושרים ומלאי ליטופים וליקוקים • הכירו את אוליבר, ניקו, פינצ'י, דנונה, לונה, פרינס, תאיר, מילקי ועוד – ואמצו אותם עוד היום",2024-01-28T10:27:08.000Z,2024-01-28T10:27:08.000Z
https://www.israelhayom.co.il/animals/article/15236281,26716,837,0.03132954035,שוקלים לאמץ כלב? אלו היתרונות בגידולו כחיית מחמד,"מעבר לתפיסתו כחברו הטוב ביותר של האדם, הכלב עושה פלאים לרווחת בעליהם – גם ברמה הפיזית והרגשית • איך כלבים מסייעים להתמודד עם בדידות, עוזרים לילדים ולקשישים – ואפילו שומרים על הבריאות שלנו?",2024-02-08T12:24:30.000Z,2024-02-08T12:30:19.000Z
https://www.israelhayom.co.il/animals/article/15043321,28584,702,0.02455919395,הכלב נרטב בגשם? הטיפים האלה יעזרו לכם לשמור על הפרווה שלו בחורף,"שגרת טיפוח קבועה היא דבר חשוב מאוד עבור כל כלב, והעונה הקרה של השנה לא שונה בכך • כדי שהוא לא יחווה קור או רטיבות וכמובן שלא יקבל זיהום, קבלו כמה עצות שיעזרו בשמירה על פרוות חברכם הטוב ביותר",2024-01-03T10:52:25.000Z,2024-01-03T10:53:29.000Z
https://www.israelhayom.co.il/animals/article/16835756,27396,1936,0.07066725069,נתפסו ציידים לא חוקיים: בזבוז הלבנון הנדיר ניצל והושב לטבע,"23 ציפורי שיר, בהן שלושה בזבוזי לבנון בסכנת הכחדה עולמית, נתפסו במבצע אכיפה באזור חברון • הציידים השתמשו ברשתות וקשרו ציפורי פיתיון • החשודים יועמדו לדין • ""מתמודדים עם תופעה רחבה של סחר לא חוקי""",2024-11-24T07:20:37.000Z,2024-11-24T07:20:37.000Z
https://www.israelhayom.co.il/animals/article/15261833,27142,1146,0.04222238597,גם החיות חוגגות אהבה: דרכי החיזור המוזרות של בעלי החיים,"לקראת הוולנטיין יצאנו לבדוק את ההרגלים הרומנטיים של החיות • אלה שמביאים מתנות רעילות, אלה שחושבים שאבן זו מתנה, אלה שנותנים בחינם ועוד",2024-02-13T14:53:29.000Z,2024-02-14T09:19:21.000Z
https://www.israelhayom.co.il/animals/article/14816036,25669,565,0.02201098601,למרות המלחמה: צפו בעגורים שהגיעו לאגמון החולה,"העגורים הרבים מצטרפים לעשרות אלפי הציפורים שכבר הגיעו למקום, שמזכירים שהטבע ממשיך בשלו • ""האגמון, שסגור למבקרים בשל המצב הביטחוני, מהווה תחנת עצירה קריטית לציפורים הנודדות בין אירופה לאפריקה – וחזרה""",2023-11-13T09:45:16.000Z,2023-11-13T09:45:16.000Z
https://www.israelhayom.co.il/animals/article/15182532,25744,1219,0.04735083903,הראם שהיה צריך לעבור טיפול מיוחד בעינו הימנית,"כדי לטפל בראמים בחי בר ביטבתה, צריך לבדוק אותן בהרדמה – משימה לא פשוטה כשמדובר בחיות שמגיעות למשקל של עשרות ואף מאות קילוגרמים • כיצד בוצע בו הטיפול והאם הוא הצליח? כל הפרטים",2024-01-29T10:56:02.000Z,2024-01-29T11:29:10.000Z
https://www.israelhayom.co.il/animals/article/15035655,24273,558,0.02298850575,"""אנו יכולים לתמוך בציפורים הנודדות גם במקום מגורינו""","ספר הילדים ""קוטן בוטן"" של ורד לבר, העוקב אחר ילדה שמחליטה להציל גוזל ולגדלו עד שתשחררו לטבע, קיבל משמעות חדשה מאז פרצה המלחמה: ""הוא מראה שבכל זאת יש אהבה בעולם"" • בנה יוחאי, שדמות הילדה מבוססת עליו: ""גם אם לפעמים זה נראה חסר סיכוי, יחד נוכל להעניק לטבע חיים""",2024-01-02T10:14:36.000Z,2024-01-02T10:14:36.000Z
https://www.israelhayom.co.il/animals/article/16198616,26277,785,0.02987403433,לא רק חברו הטוב של האדם: כל העובדות הכי חשובות על כלבי נחייה,"לרגל יום כלבי הסיוע והנחייה, אספנו עבורכם כמה עובדות שאתם חייבים להכיר עליהם – שיוכלו לעזור לכם להבין כיצד לסייע בעצמכם לאלו שצריכים את עזרת הכלבים • כל הפרטים",2024-08-04T11:27:22.000Z,2024-08-04T11:27:22.000Z
https://www.israelhayom.co.il/animals/article/16162400,25055,3775,0.1506685292,מזעזע: עשרות כלבים חולצו מפנסיון שבו הוחזקו בתנאים מחפירים | חשיפה,"פקחי משרד החקלאות שפשטו על המקום גילו בו 23 כלבים במצב גופני ירוד, כשהם מלוכלכים ומזוהמים – ושעל גופם נמצאו, בין היתר, צלקות מזיהום, טפילי עור ואף קצוות אוזניים אכולות • חלק מהכלבים הוחזקו בכלובים שהיו קטנים לגודלם • בעלי הפנסיון חשוד גם שהקים במקום בית הרבעה",2024-07-29T11:46:42.000Z,2024-07-29T12:19:15.000Z
https://www.israelhayom.co.il/animals/article/16376176,23744,2062,0.08684299191,"מקרה חריג בנתב""ג: תושב ירושלים ניסה להבריח עשרות נחשים במזוודה",יחידה 747 במרחב נמל התעופה בן גוריון עיכבה את הנוסע ומצאה במזוודתו את הנחשים מסוגים שונים האסורים ביבוא • פקחי רשות הטבע והגנים והשירות הווטרינרי ינסו להשיב את הזוחלים לארצם,2024-09-03T06:35:11.000Z,2024-09-03T06:36:40.000Z
https://www.israelhayom.co.il/animals/article/16761383,21058,1286,0.0610694273,עוברים דירה עם חתול? כך תעשו את זה כמו שצריך,"מעבר דירה הוא שינוי משמעותי בשבילכם, ופי כמה וכמה בשביל החתול שלכם • אפשר להקל על הסיטואציה המלחיצה בכמה צעדים פשוטים, שיהפכו את המעבר לנעים ונטול סטרס",2024-11-11T14:15:18.000Z,2024-11-11T14:15:18.000Z
https://www.israelhayom.co.il/animals/article/14702563,22428,934,0.04164437311,מה צריך לעשות בזמן אזעקה כשמטיילים עם הכלב מחוץ לבית?,"בזמן שמלחמת ""חרבות ברזל"" נמצאת בעיצומה, חיות המחמד עדיין צריכות להמשיך בשגרה שלהן • אז מה עושים אם יש אזעקה כשאתם מחוץ לבית והאם מותר להכניס כלבים למיגוניות?",2023-10-12T12:57:05.000Z,2023-10-12T12:57:05.000Z
https://www.israelhayom.co.il/animals/article/14844598,18026,2163,0.1199933429,גיבור על ארבע: כלב של יחידת עוקץ נהרג בעזה – והציל חיים,"במהלך פעילות של כוחות צה""ל בצפון הרצועה, הם שלחו את טייגה בן ה-3 לאתר מחבלים במבנה בעזה • לאחר שנתקל ב-5 מחבלים, הם ירו לעברו והרגו אותו • בהמשך, הכוחות חיסלו אותם",2023-11-20T11:24:54.000Z,2023-11-20T12:31:45.000Z
https://www.israelhayom.co.il/animals/article/16123137,22657,1716,0.07573818246,מחשש לקדת הנילוס המערבי: זה מה שאתם צריכים לעשות אם ציפור מתה בביתכם,"במטרה לבצע מעקב ארצי אחר מקרי תחלואה בעופות, משרד החקלאות פרסם דרך חדשה לדווח על החשש מהקדחת, שהוכחה כשיטה יעילה לניטור שלה • כל הפרטים",2024-07-22T13:58:20.000Z,2024-07-22T14:53:40.000Z
https://www.israelhayom.co.il/animals/article/17534032,16525,804,0.04865355522,"ה""ריאליטי של הטבע"" חזר: קינוני הנשרים והטיפול בגוזלים יועברו בשידור חי","סיפורם של ""הנשר האלמן"", בת זוגו החדשה וארבעת הגוזלים הצעירים שלהם ריגש מיליוני צופים ברחבי העולם בשנים האחרונות • גם בעונה החדשה של ""עופות דורסים בשידור חי"" ניתן יהיה לצפות בהם, כמו גם בעקבים, רחמים ועיטים נוספים •",2025-03-13T10:48:15.000Z,2025-03-13T10:51:02.000Z
https://www.israelhayom.co.il/animals/article/15741841,17581,2272,0.1292304192,"""חשש שהאם תתקוף ילדים"": 12 גורי תנים נמצאו בבית הספר במרכז הארץ","בעקבות פניות הורים מודאגים, הגורים הובאו למרפאה של עמותת ""למען חיות הבר"" • מייסד העמותה, אביהוא שרווד: ""קוראים לציבור לסייע לנו במימון ההוצאות כדי שנוכל להעניק טיפול מיטבי לכולם""",2024-05-13T19:08:31.000Z,2024-05-14T14:05:34.000Z
https://www.israelhayom.co.il/animals/article/15318162,16172,1264,0.07815978234,מחווה מרגשת: הנצחה לכלבי עוקץ שמתו במלחמה,"פארקי הכלבים בפתח תקווה ייקראו על שמותיהם של 18 כלבי יחידת הכלבנים, שנהרגו במהלך הלחימה מ-7 באוקטובר ועד היום • ראש העיר רמי גרינברג: ""פועלים גם להנצחת הכלבים שסייעו לכוחותינו בלחימה בשטח האש, תוך הקרבת חייהם""",2024-02-25T06:00:12.000Z,2024-02-25T08:59:29.000Z
https://www.israelhayom.co.il/animals/article/16700075,16903,919,0.05436904691,מחליקים ימינה: האפליקציה שתמצא עבורכם את חיית המחמד המושלמת,"שאלוני אישיות שמתאימים את החתול או הכלב לאורח החיים שלכם וליווי צמוד גם אחרי האימוץ: תכירו, הטינדר לכלבים והחתולים שימצא לכם את ההתאמה המושלמת",2024-10-31T13:44:31.000Z,2024-10-31T16:07:01.000Z
https://www.israelhayom.co.il/animals/article/15481608,17682,516,0.02918221921,"מיקה, לאקי או ג'ניפר לופז? אלה שמות הכלבים הפופולריים ביותר בארץ",כ־64 אלף כלבים חדשים נרשמו בשנה שעברה במאגר המרכז הארצי לרישום כלבים – כמעט 29 אלף מהם גורים • הישראלים הציגו יצירתיות בבחירת השמות לחברם הטוב ביותר – שיוכל למצוא לעצמו הכי הרבה חברים בעלי זנב בתל אביב,2024-03-25T07:53:48.000Z,2024-03-25T16:30:28.000Z
https://www.israelhayom.co.il/animals/article/17175970,13737,966,0.07032103079,"""ברבריות נוראה"": מרוקו מתכננת להרוג 3 מיליון כלבים לקראת מונדיאל 2030","המונדיאל שיתקיים בין היתר במדינה הצפון אפריקאית מביא להמתה של כלבים בדרכים שונות, בהן הזרקת רעל, ירי, ובתי מטבחיים  • ארגוני בעלי חיים קראו לפיפ""א לפעול בהקדם נגד ההרג השיטתי - אך היא מצידה טרם התייחסה",2025-01-18T12:58:11.000Z,2025-01-18T13:17:46.000Z
https://www.israelhayom.co.il/animals/article/15676464,12895,674,0.05226832105,תגלית נדירה: נמצא מין שפירית חדש בישראל,"בקיבוץ נאות סמדר שבערבה, התגלתה שפירית שלא תועדה עד כה בארץ • עדיין אין שם רשמי בעברית, אך ניתן לה השם הזמני ""מלקטית סיני"" • ""לאחר שנים רבות של תצפיות וסקרים ישנם עדיין פערי ידע משמעותיים בהבנה של תפוצת חרקים""",2024-05-01T10:21:38.000Z,2024-05-01T10:21:38.000Z
https://www.israelhayom.co.il/animals/article/14985746,14936,1551,0.1038430637,"שותפים לדרך: לוחם מ""עוקץ"" וכלבו נפצעו בפעילות מבצעית - ואושפזו יחד","לאחר שה' נפצע ברצועת עזה, הוא פונה לבית החולים סורוקה לצד כלבו סאטר, שהובהל יחד איתו לחדר הטראומה אחרי שנפצע בעצמו בפעילות • לאחר שמצבו הרפואי השתפר, סאטר  השתחרר - וה' עצמו צפוי להשתחרר בקרוב מאוד, ולהיפגש עם כלבו האהוב",2023-12-21T13:43:42.000Z,2023-12-21T16:15:59.000Z
https://www.israelhayom.co.il/animals/article/15810187,13511,651,0.04818296203,איפה בישראל תוכלו לראות את אחד המעופפים הקדומים ביותר?,"עשרות מיני שפיראים פוקדים כיום את אגמון החולה – ויוצרים מחזות מרהיבים, עם מגוון רחב של זנים וצבעים • מדוע הם כה חשובים למערכת האקולוגית שלנו ולאיזו מהירות גבוהה הם מסוגלים להאיץ בתוך שנייה בלבד? כל הפרטים",2024-05-26T09:40:35.000Z,2024-05-26T12:25:58.000Z
https://www.israelhayom.co.il/animals/article/17097920,14132,868,0.06142088876,"רומן, בגידה ושברון לב: סיפור אהבה מסעיר את הפינגווינים בספארי","טלנובלה אמיתית מתרחשת בקהילת הפינגווינים האפריקניים • במרכז הסיפור צ'ופצ'יקוני שעזבה את בת זוגה סוקי והתחברה לנועם המבוגר • אח""כ בגדה בו עם פינגווין צעיר, בעוד נועם מצא נחמה בזרועותיה של דמקה •  כשהמאהב הצעיר מת, חזרה צ'ופצ'יקוני לנועם ודמקה נותרה שבורת לב",2025-01-06T06:35:04.000Z,2025-01-06T06:36:57.000Z
https://www.israelhayom.co.il/animals/article/15942718,12342,850,0.06887052342,לפני שחיית המחמד תחלה: זה מה שאתם צריכים לעשות,"כל מי שיש לו חתול או כלב, נאלץ מתישהו לשלם סכומים שונים עבור טיפול רפואי עבור החיה שלו • ישנה דרך לחסוך את התשלום הזה, שעלול להיות לא מבוטל, שהופכת פופולרית יותר ויותר",2024-06-20T08:02:14.000Z,2024-06-20T08:02:14.000Z
https://www.israelhayom.co.il/animals/article/15714640,11567,761,0.06579061122,הספארי באבל: השימפנזה המבוגרת ביותר הלכה לעולמה,"שושי, שמתה כשהיא בת כ-60, נראתה לאחרונה כשהיא עייפה וחלשה • השימפנזים האחרים בספארי היו לידה כאשר נשמה את נשימתה האחרונה, ולאחר מכן חלקו לה כבוד אחרון",2024-05-08T11:15:54.000Z,2024-05-08T11:31:43.000Z
https://www.israelhayom.co.il/animals/article/15371613,10870,989,0.09098436063,"""הרג הכלבים המשוטטים יחמיר את המצב"": האם ניתן לפתור את הבעיה בדרום הארץ?","במשרד החקלאות יעבירו כ-2 מיליון שקלים לטיפול בנושא, כשלפי תזכיר תיקון לחוק – פקחי המשרד יוכלו להרוג הכלבים בשטח אופן מיידי • יעל ארקין, מנכ""לית ""תנו לחיות לחיות"": ""המצב רק יחמיר את הבעיה""",2024-03-05T15:20:25.000Z,2024-03-31T14:20:16.000Z
https://www.israelhayom.co.il/animals/article/15327550,12802,617,0.04819559444,בזכות החיילים: יעל פצוע טופל – ושוחרר בחזרה לטבע,"מילואימניקים שמשרתים בהרי אילת הבחינו ביעל שהתקשה ללכת ושלא ברח כשהתקרבו אליו • פקח רשות הטבע והגנים הגיע אליהם עם וטרינר, ואלה מצאו ברגל החיה קוץ עצום – אותו שלפו בקלות, מבלי שהיה צורך לקחת את היעל להמשך טיפול",2024-02-26T11:27:54.000Z,2024-02-26T11:27:54.000Z
https://www.israelhayom.co.il/animals/article/15272105,11248,1317,0.1170874822,"""קיווה שכמה שיותר ימותו"": תושב בית שמש הורשע בהרעלת חתולי רחוב","לפי כתב האישום שהוגש נגד המדביר לשעבר יהודה ביטון, לפחות שישה חתולים מתו בייסורים מרעל שהוא החדיר לפיתיונות שהציב סמוך לביתו • הוא טען שהוא רק רצה להרחיק חתול אחד מהאזור - וכי לא הומתו חיות אחרות",2024-02-15T11:04:31.000Z,2024-02-15T14:14:54.000Z
https://www.israelhayom.co.il/animals/article/16094199,10637,391,0.03675848454,לא רק לכם חם בטירוף: כך תשמרו על הכלבים שלכם ממכת חום,"ככל שמזג האוויר נהייה חם יותר ויותר, גם כלבים עלולים לסבול מהתחממות יתר – מה שעלול לגרום להם לנזקים רבים • מומחית סיפקה כמה טיפים שיגרמו לכלב שלכם לשמור על רעננותו – וגם על הבריאות שלו",2024-07-17T10:41:52.000Z,2024-07-17T10:41:52.000Z
https://www.israelhayom.co.il/animals/article/14868804,9354,1066,0.1139619414,מרגש: הילדות ששוחררו משבי חמאס נפגשו עם כלביהן,"אמילי הנד בת ה-9 והילה רותם בת ה-14 פגשו לאחר שחרורן לא רק את בני משפחתן, אלא גם את הכלבים שלהן • סגן מנהל ביה""ח ספרא סיפר: ""הן שמחו לראות את הכלבים, שהקנו להן תחושת ביטחון""",2023-11-26T15:08:22.000Z,2023-11-26T16:54:49.000Z
https://www.israelhayom.co.il/animals/article/16723396,9253,767,0.08289203502,תופעת טבע ייחודית: מדוע שוניות האלמוגים של אילת הלבינו?,"העלייה חסרת התקדים בטמפרטורת המים כתוצאה מגל החום הקיצוני של עונת 2024 משנה את גן העדן הדרומי במפרץ אילת • כתוצאה מכך, לראשונה בצפון מפרץ אילת, נרשם השנה אירוע משמעותי של הלבנת אלמוגים • למרות חוסנן הידוע, גם שוניות אילת הוכרעו עקב עומס החום המצטבר שהיה גבוה פי 3.75 מזה שגורם לאירועי הלבנה חמורים בשוניות אחרות בעולם",2024-11-05T06:59:16.000Z,2024-11-05T07:00:34.000Z
https://www.israelhayom.co.il/animals/article/16218437,9780,824,0.08425357873,הם בכל מקום: האם הפחד מג'וקים באמת מוצדק?,"הקיץ בשיאו – ואיתו הגיעו התיקנים, שפעילים במיוחד בעונה החמה של השנה • אילו ג'וקים תוכלו למצוא בישראל, למה יש הגבלות על הדברתם ואיך תוכלו למנוע מהם להיכנס לביתכם? המומחית מסבירה",2024-08-07T11:41:30.000Z,2024-08-07T12:41:03.000Z
https://www.israelhayom.co.il/animals/article/15009863,10222,640,0.06261005674,מרכז השיקום לבעלי חיים מעזה ומהעוטף שמסייע לסובלים מטראומה,"חיות נטושות מהרצועה מועברות בעיצומה של המלחמה לחוות ""להתחיל מחדש"" - ולאחר שיקומן, הן מסייעות בעצמן לסובלים מטראומה • העיתונאית אורלי וילנאי: ""הטיפול בבעל חיים שהתאושש מטראומה יכול לסייע בריפוי לאדם שמטפל בו""",2023-12-28T09:07:25.000Z,2023-12-28T14:01:38.000Z
https://www.israelhayom.co.il/animals/article/16276352,7914,552,0.06974981046,"תקרית חריגה בגן החיות התנ""כי: עובד ננשך על ידי תנין ופונה במצב קשה",עובד בן 45 הותקף על ידי תנין במהלך פעילות שגרתית במתחם התנינים • מאבטח ירה בתנין והציל את חייו • הפצוע פונה לבית החולים הדסה עין כרם עם פגיעות נרחבות בגופו ונלקח מיד לחדר ניתוח • המשטרה פתחה בחקירת האירוע שסווג כתאונת עבודה,2024-08-18T07:24:58.000Z,2024-08-18T08:57:08.000Z
https://www.israelhayom.co.il/animals/article/15439889,9158,702,0.07665429133,לאחר יותר מחודשיים: הדובה שחר הקיצה מתרדמת החורף שלה,"אחרי התרדמת הארוכה שבה שקעה, השילה הדובה  כ-15% ממשקלה • כיצד צוות גן החיות התנ""כי הנרגש מתכנן לפנק אותה? כל הפרטים",2024-03-18T07:40:55.000Z,2024-03-18T08:11:03.000Z
https://www.israelhayom.co.il/animals/article/15822626,7490,931,0.1242990654,הצעד המפתיע שעשוי לסייע בהצלת הנשרים בישראל,"לא פחות מחמישה קינונים של זוגות נשרים בארץ יועברו בשידור ישיר בפרויקט ""עופות דורסים בשידור חי"", החושף למיליוני צופים את עולמם החבוי של הדורסים הגדולים והמסתוריים • בין שידורי הפרויקט: סיפורו של ""הנשר האלמן"" ושל זוג נשרים שגוזלם לא שרד לאחר שבקע מביצתו",2024-05-28T10:33:47.000Z,2024-05-28T11:57:57.000Z
https://www.israelhayom.co.il/animals/article/14992392,7391,519,0.07022053849,גם תחת אש: מרכז האקלום שממשיך להציל חיות בר,"כשפרצה המלחמה, גם מרכז האקלום של קק""ל באגמון החולה פונה – וחיות רבות בו שוחררו לטבע, גם אם הן עדיין לא היו מוכנות לכך • מאז, ולמרות המצב הביטחוני, שבו עובדיו למקום – וגם לטפל ולהציל בעלי חיים: ""זהו סיכון מחושב שאנחנו מקבלים על עצמנו""",2023-12-25T09:01:00.000Z,2023-12-25T09:20:58.000Z
https://www.israelhayom.co.il/animals/article/15204908,7297,217,0.0297382486,"מצילים את בעלי הכנף: חמ""ל מיוחד הוקם למאבק בשפעת העופות","שיחלוף מי האגם, ניטור בעלי כנף בסיכון, תיחום, בקרה וחיטוי לשטח • קרן קימת לישראל מציגה את הצעדים הדחופים בדרך להצלת בעלי הכנף באגמון החולה",2024-02-02T00:31:15.000Z,2024-02-02T06:28:58.000Z
https://www.israelhayom.co.il/animals/article/14842870,4422,217,0.04907281773,"""סכנת מוות"": חוות השאנטי הוצפה – והחיות עלולות לשלם בחייהן","מספר ארנבונים ותרנגולי הודו מתו ובעלי חיים אחרים נפגעו או נרטבו לחלוטין מהגשמים החזקים שפקדו את החווה • מנהלת המקום מנסה להציל את החיות שנותרו: ""כל הכלובים רטובים ובעלי החיים קופאים – הם לא ישרדו אם לא נקבל עזרה דחופה""",2023-11-20T06:05:59.000Z,2023-11-20T06:05:59.000Z
https://www.israelhayom.co.il/animals/article/15419114,4773,223,0.04672113974,בהלה בספארי: קרנף תקף רכב שישבו בו אישה ושני ילדים,"מפנזי, שעלה לאחרונה ארצה מצרפת, תקף את הרכב לאחר שככל הנראה נבהל ממכונית שעצרה להביט בו • השלושה לא נפגעו, אך נזק נגרם לרכב שבו ישבו • מהספארי נמסר: ""צר לנו על החוויה""",2024-03-13T15:12:06.000Z,2024-03-13T16:18:10.000Z
https://www.israelhayom.co.il/animals/article/15535789,6015,586,0.09742310889,האם העוף הדורס הזה יביא שלום למזרח התיכון?,"התנשמת לוקחת חלק מרכזי במיזם שפועל בישראל כבר יותר מ-40 שנים, שבו משתמשים בה כמדבירה ביולוגית בחקלאות • כדי להביא להצלחת הפרויקט, הוצבו ברחבי הארץ כ-5,000 תיבות קינון – כשכמה משכנותינו ""העתיקו"" את התוכנית הזו בעצמן, ובהצלחה גדולה",2024-04-03T08:42:42.000Z,2024-04-03T08:42:42.000Z
https://www.israelhayom.co.il/animals/article/15445404,5214,188,0.03605677023,הכלב סובל מאלרגיות? כך תוכלו לטפל בתסמינים שלו,"בדיוק כמו בני אדם, גם חיות המחמד שלנו סובלות מסימפטומים שונים של אלרגיה עם בואו של האביב • כיצד נוכל לזהות אותם ולהקל עליהם? עשינו לכם סדר כדי שתוכלו לטפל באהובים שלכם כמו שצריך",2024-03-19T11:26:06.000Z,2024-03-19T11:26:06.000Z
https://www.israelhayom.co.il/animals/article/15295450,4900,466,0.09510204082,תיעוד: צפו בעוף בעל המראה הייחודי שחזר במפתיע לישראל,"פורפיריה אפורת-ראש נצפתה פעם אחת בלבד בארץ מאז שנות ה-50, אך מאז פרצה המלחמה נראתה מספר פעמים נוספות • עמיר בלבן, שתיעד אותה: ""היא בולטת בצבעי הטורקיז הבוהקים, המקור והרגליים המפלצתיות שלה – ולא פלא שהפכה לאטרקציה""",2024-02-20T10:14:12.000Z,2024-02-20T10:29:58.000Z
https://www.israelhayom.co.il/animals/article/14876369,4209,234,0.05559515324,"""אבודים בתוך הכאוס"": הקצינה שמצילה חיות מעוטף עזה","ד""ר שירה טופול רגילה לדאוג לחיילים במסגרת תפקידה כווטרינרית וקצינת בריאות הצבא בפיקוד דרום • מאז פרצה המלחמה, היא פגשה גם בבעלי חיים שהיו צריכים את עזרתה – בהם עשרות כלבים: ""החיות לא מבינות מה קורה, הן חוות סבל גדול""",2023-11-28T09:37:48.000Z,2023-11-28T09:37:48.000Z
https://www.israelhayom.co.il/animals/article/16796139,3401,152,0.04469273743,לראשונה מזה כ-30 שנה: זן נדיר של בעל חיים נצפה בישראל,"דב לייבוביץ, צפר שסייר בפארק בבאר שבע, זכה לביקור מפתיע מאורח מיוחד - השפמתן • ציפור קטנה שאורכה כ-16 ס""מ עם זנב ארוך ומהודר • מנהל מרכז הצפרות: ""למרות שכבר ראיתי את הציפור היפה הזו באירופה, לראות אותה אצלנו זו חוויה מעולם אחר""",2024-11-17T13:05:56.000Z,2024-11-17T13:05:56.000Z
https://www.israelhayom.co.il/animals/article/17549368,3693,175,0.04738694828,אזוק בשלשלאות: קוף שהוחזק בניגוד לחוק אותר בשטח פתוח בצפון,"ברשות הטבע והגנים מבהירים כי ההחזקה מהווה פגיעה משמעותית בבעל החיים הרגיש, וכי הדבר נחשב עבירה חמורה • בנוסף, אחד הקופים מת היום ממחלת הטטנוס, כך דווח מן הרשות: ""קוראים לכל מי שבא במגע עם קופים ללכת להיבדק""",2025-03-16T11:18:12.000Z,2025-03-16T11:26:41.000Z
https://www.israelhayom.co.il/animals/article/15218092,3848,247,0.06418918919,על חודו של אף: המחקר שגילה אילו גזעי כלבים חיים הכי הרבה,"לפי מחקר שבדק נתוני יותר מחצי מיליון כלבים, כלבות מגזעים טהורים קטנים בעל אף מוארך חיות יותר מכלבים בעלי פנים שטוחות • לפי המחקר, הכלב שחי הכי הרבה שנים הוא התחש – בעוד שהרועה הקווקזי חי הכי מעט",2024-02-05T12:09:01.000Z,2024-02-05T12:09:01.000Z
https://www.israelhayom.co.il/animals/adoption/article/16529116,4249,403,0.09484584608,לא נוטשים אותם: יום אימוץ לכלבים מעוטף עזה וצפון הארץ,"מלחמת ""חרבות ברזל"" הביאה מגמה מדאיגה של נטישת כלבים וירידה במספר האימוצים • הפנינג אימוץ מיוחד לכלבים מהעוטף והצפון, יאפשר לכם להכניס חבר חדש למשפחה",2024-09-29T09:16:35.000Z,2024-09-29T09:18:54.000Z
https://www.israelhayom.co.il/animals/article/15985514,2425,271,0.1117525773,מוכנים לקרב: האם עורבים באמת נוקמים באויבים שלהם?,"אחת הציפורים הנפוצות ביותר בישראל ידועה באינטליגנציה שלה, שאיתה היא אפילו מצאה דרך חכמה לפצח קליפות של אגוזי פקאן • אבל האם היא באמת עלולה לתקוף את מי שהיא תופסת כאויב שלה, גם אם הוא רק רצה לסייע לה? המומחה ענה לנו – והופתענו",2024-06-30T07:52:48.000Z,2024-06-30T07:52:48.000Z
https://www.israelhayom.co.il/animals/article/14881439,2569,255,0.09926041261,כל הכבוד: החיילים מצאו צבועה פצועה – והצילו אותה,"לוחמי גדוד מילואים 9213 נחלצו לעזרת גורת צבוע מפוספס אותה מצאו מוטלת לצד הכביש בזמן סיור • הם העבירו אותה לביה""ח לחיות בר בספארי בר""ג, שם נמצאו שברים באחת מרגליה ובעצמות האגן שלה • כך בוצע הטיפול המיוחד בחיית הבר",2023-11-29T09:15:11.000Z,2023-11-29T09:15:11.000Z
https://www.israelhayom.co.il/animals/article/15875446,3361,184,0.05474561143,"""אכזרי ומיותר"": האם הצעת חוק חדשה תאסור שימוש בסוסים לפיזור הפגנות?","על פי ההצעה שיזם ח""כ נאור שירי, המשטרה לא תוכל עוד להשתמש בסוסים כדי לפזר מפגינים: ""נגרמים להם סבל אדיר ונזקים של ממש, זה מנוגד לחוק צער בעלי חיים"" • עוד נכתב בהצעה: ""הפעלת כוח באמצעות סוסים עלולה לסכן חיי אדם – זהו שריד ממלחמת עבר""",2024-06-06T13:17:36.000Z,2024-06-06T13:19:29.000Z
https://www.israelhayom.co.il/animals/article/15585129,3094,229,0.07401422107,ווייז לציפורים: הגשם יצר פקק נדידה בשמיים | צפו,"אלפי חסידות, שקנאים ועגורים נחתו באגמון החולה כחלק מנדידתם לאזור הקינון שלהם בצפון • לחוסר מזלם, למזג האוויר הייתה תוכנית אחרת – והם לא הצליחו לצאת לנדידה",2024-04-11T13:48:30.000Z,2024-04-11T13:48:30.000Z
https://www.israelhayom.co.il/animals/article/15306749,3022,297,0.09827928524,באמצע הלילה: צפו בתיעוד נדיר של צבועים מזדווגים,"כשהיה באמצע משמרת לילה במילואים בבקעת הירדן, פקח רשות הטבע והגנים נעם יחיא צילם את השטח באמצעות המצלמה הטרמית שלו – כשלפתע ראה תנועה חשודה • אז, הוא הבין שמדובר בזוג צבועים ברגע אינטימי: ""זה היה אירוע מרגש מאוד""",2024-02-22T08:38:10.000Z,2024-02-23T06:47:44.000Z
https://www.israelhayom.co.il/animals/article/14665705,2184,75,0.03434065934,לא סתם חמודה: מהו הסוד של החיה הנדירה שגורם לה להישאר צעירה?,"האקסולוטל המקסיקני, שלפי הערכות נשארו ממנה בטבע רק 1,000-50 פרטים, יכולה להצמיח מחדש כמעט את כל איברי גופה, כולל את עיניה וחלקים ממוחה • בכך, הפכה לחיה שחוקרים רבים מנסים לפצח את הסוד שלה",2023-10-03T12:13:42.000Z,2023-10-03T12:20:15.000Z
https://www.israelhayom.co.il/animals/article/15322858,1969,333,0.1691213814,יותר מ-6 מטרים ו-200 קילו: התגלה מין חדש של נחש עצום,"נחשה באורך 6.3 מטרים אותרה בחלק האקוודורי של יערות הגשם באמזונס – והיא אפילו לא הגדולה שבהם • לפי החוקרים, הם מצאו ראיות אנקדוטליות לנחש באורך 7.5 מטרים ששוקל יותר מחצי טון: ""הגודל שלהם היה בלתי ייאמן""",2024-02-25T15:37:16.000Z,2024-02-25T15:57:17.000Z
https://www.israelhayom.co.il/animals/article/14979822,1905,223,0.1170603675,"""לא היה למי להחזיר אותו אליו"": סיפורו המרגש של הכלב שננטש ב-7 באוקטובר","בלב פרק הפתיחה של הסדרה התיעודית ""להציל את חיות הבית"" יעמוד בזיק, שנמצא לבדו בקיבוץ זיקים – לאחר שנותר מאחור עם פרוץ המלחמה • אחרי שמשפחה שחיפשה לאמץ כלב התאהבה בו – היא לקחה אותו אליה • הווטרינרית ד""ר שרון מעוז, שטיפלה בבזיק: ""נותרו חיות רבות אחרות שננטשו במהלך המתקפה""",2023-12-20T14:13:57.000Z,2023-12-20T14:24:12.000Z
https://www.israelhayom.co.il/animals/article/16465443,1944,278,0.1430041152,וטרינר חושף: חמישה גזעי כלבים שלא כדאי לגדל,"ד""ר אלכס קרואו, אושיית רשת המעלה תכנים הקשורים לכלבים, פרסם לאחרונה סרטון שבו סיפר על חמישה גזעים שפחות מומלץ לגדל • אחד מהם הוא רועה גרמני, שזקוק לאורח חיים מאוד ספציפי, שכולל כמויות גדולות של פעילות גופנית וגירוי מנטלי",2024-09-18T14:26:10.000Z,2024-10-06T20:37:18.000Z
https://www.israelhayom.co.il/animals/article/15375599,2055,131,0.06374695864,"מגמה מדאיגה? ירידה בכמות הצבאים שנספרו בשמורת טבע ביו""ש","כ-200 צבאים בלבד נספרו בשמורת הטבע הר כביר בידי צוותי רשות הטבע והגנים, לעומת 243 צבאים שנספרו בשנה שעברה – הפרש של 18% • ""בצל המתיחות והמלחמה, הספירה הייתה מרגשת מאוד""",2024-03-06T08:02:35.000Z,2024-03-07T12:05:20.000Z
https://www.israelhayom.co.il/animals/article/16712584,1573,31,0.01970756516,האם המלחמה משפיעה על תפוצת הדולפינים בחופי ישראל?,מיזם מדעי חדש מנטר את אוכלוסיית הדולפינים המקומית - מאזור אשקלון ועד אשדוד • בהפלגת הבכורה של הסקר נצפתה להקת דולפינים של אימהות וגורים,2024-11-03T12:49:43.000Z,2024-11-03T12:52:23.000Z
https://www.israelhayom.co.il/animals/article/15599691,1812,54,0.0298013245,"אל תשכחו אותן: כך תכינו את חיות המחמד שלכם לכניסה לממ""ד","לא רק בני אדם נלחצים מאירועי המלחמה ומהמתקפה האיראנית על ישראל, אלא גם בעלי החיים שאנו מגדלים • איך תוכלו להתארגן לכך מראש – ולמה כדאי לכם לשים לב? המומחה מסביר הכל",2024-04-14T15:07:41.000Z,2024-04-16T13:49:48.000Z
https://www.israelhayom.co.il/animals/article/14850159,1474,77,0.05223880597,הכלב סובל מסטרס? השיטה המפתיעה שתרגיע אותו,"בימים אלה, קשה שלא להרגיש אי-נוחות, לחץ וחרדה – וכך גם בקרב חברו הטוב של האדם • רוצים להקל עליהם? קבלו 4 סוגי מסז' פשוטים שישפרו את איכות החיים שלהם – ותגדיל את האמון ביניכם",2023-11-22T09:48:05.000Z,2023-11-22T09:48:05.000Z
https://www.israelhayom.co.il/animals/article/14930428,1837,276,0.1502449646,תיעוד לא ייאמן: הלוחמים מצאו אריה מוזנח ברצועת עזה,"בסרטון שהופץ ברשתות החברתיות, נראה אריה שלוחמי צה""ל מצאו בגן חיות בעזה • אחד החיילים נשמע אומר לו: ""אל תזוז מותק, אנחנו נדאג לך"" • ברשות הטבע והגנים בודקים אם יש היתכנות לחלצו מהרצועה: ""נסייע ככל הניתן""",2023-12-10T15:18:14.000Z,2023-12-10T16:08:41.000Z
https://www.israelhayom.co.il/animals/article/14846932,1655,39,0.02356495468,"באו למילואים: צפו בכלבי הנחייה ש""גויסו"" לעודד את העורף","גורי הלברדור של עמותת ""עיניים מנחות לעיוור"", שעוברים הכשרה להפוך לכלבי נחייה, מגיעים אל פצועים ומפונים כדי לספק להם קצת נחת • בעמותה הלכו עם הכלבים גם לחיילים: ""הם חזרו לרגע להיות ילדים""",2023-12-07T10:35:26.000Z,2023-12-07T14:42:09.000Z
https://www.israelhayom.co.il/animals/article/15616885,1463,40,0.02734107997,לא רק אצל בני האדם: כך בעלי החיים דואגים לניקיונם,"בפסח נהוג לצחצח כל פינה בבית, אבל האם אי פעם תהיתם האם וכיצד חיות שומרות על ניקיון גופן? • בדקנו עם אקולוג השטחים הפתוחים של רשות הטבע והגנים את הנושא – וחזרנו עם תשובות מפתיעות",2024-04-17T12:04:20.000Z,2024-04-17T12:04:20.000Z
https://www.israelhayom.co.il/animals/article/15623070,1240,80,0.06451612903,תתחילו להתגרד: היתושים כבר כאן – איפה נמצא אותם וכיצד כדאי לטפל בעקיצות?,"מזג האוויר הנוכחי מהווה כר פורה להתרבות יתושים, שעוקצים אותנו ללא הרף • מומחית ברפואת עור הסבירה לנו על המינים הנפוצים בארץ, מדוע הם בכלל עוקצים אותנו – ומה אסור לעשות אחרי שנעקצנו",2024-04-18T10:13:04.000Z,2024-04-18T10:13:04.000Z
https://www.israelhayom.co.il/animals/article/17484958,1451,164,0.1130254997,זהירות: אילו מזונות רעילים לכלב שלכם?,"למרות שכלב הוא חבר אמת ובן משפחה של ממש, אסור להתפתות ולתת לו מזונות של בני אדם • מה עשוי להיות קטלני לכלבים ובאילו מקרים חייבים לפנות לטיפול במהירות האפשרית?",2025-03-06T11:59:26.000Z,2025-03-06T11:59:26.000Z
https://www.israelhayom.co.il/animals/article/14792110,1115,154,0.1381165919,כך עופות דורסים סייעו לכוחות הביטחון לאתר גופות נרצחים בעוטף עזה,"בצה""ל החלו לאתר התקבצויות גדולות של עופות דורסים באזורי הלחימה, שמתאספים סביב גופות אותן איתרו ממרחקים גדולים בזכות הראייה החדה שלהם • כך, הצליחו הכוחות למצוא מספר גופות",2023-11-06T08:29:26.000Z,2023-11-06T08:37:34.000Z
https://www.israelhayom.co.il/animals/article/15161401,1174,190,0.1618398637,קרב מסוג אחר: צפו במאבק האימתני בין נחש הצפע והנמייה,"המפגש בין שתי החיות תועד על ידי הצלם, ששלף את הטלפון הסלולרי שלו בהחלטה של רגע • לתדהמתו, הוא ראה כי הנמייה החליטה להיאבק בנחש –  ולבסוף אף הצליחה ללכוד אותו כארוחת בוקר",2024-01-25T06:23:27.000Z,2024-01-25T06:59:11.000Z
https://www.israelhayom.co.il/animals/article/14932239,1037,103,0.09932497589,ללא חשש: זה מה שהחיות עושות בטבע בזמן המלחמה,"מאז פרצה מלחמת ""חרבות ברזל"", פחות אנשים יוצאים לטבע – ובעלי החיים מסתובבים יותר במקומות שבהם היו פחות נוהגים לעשות זאת, גם בשעות היום • ""הם מרגישים יותר חופשיים""",2023-12-11T09:05:03.000Z,2023-12-11T09:05:03.000Z
https://www.israelhayom.co.il/animals/article/14846836,895,34,0.03798882682,מחריד: עשרות דגים מתו לאחר שנלכדו ברשת דיג נטושה | צפו,"שתי שחייניות שהגיעו בסוף השבוע לחוף ביפו, מצאו רשת רפאים באורך 500 מטרים – ובתוכה עשרות דגי גיטרנים, סרטנים ועוד מתים ובמצב ריקבון • ""מקווים שלפחות הצלנו חיות אחרות מלהיתפס בה""",2023-11-21T09:37:18.000Z,2023-11-21T18:24:16.000Z
https://www.israelhayom.co.il/animals/article/15827881,1077,53,0.04921077066,היסטוריה בקולומביה: אסרה על מלחמת שוורים,"הקונגרס בבוגוטה הצביע ברוב מוחץ בעד האיסור על המסורת העתיקה • נשיא קולומביה: ""מוות לא יהיה עוד הצגה"" • תומכי המסורת מאוכזבים: חלק מהזהות התרבותית שלנו, אלפי משפחות יאבדו את פרנסתן • וגם: היכן עוד מתקיימת המסורת - ואלו מדינות אסרו עליה?",2024-05-29T09:55:59.000Z,2024-05-29T10:21:31.000Z
https://www.israelhayom.co.il/animals/article/14778305,925,26,0.02810810811,בשל המלחמה: זוג עיטמים פונה מהצפון לספארי ברמת גן,"על מנת שלא לסכן את שני העופות הדורסים, שנקבת הזוג המקנן האחרון בטבע בארץ של המין שלו מתה בשנה שעברה, הוחלט להעבירם משמורת הטבע חי-בר כרמל • המעבר הוגדר כהצלחה: ""לזוג הזה חשיבות עצומה""",2023-11-02T09:10:23.000Z,2023-11-02T09:53:05.000Z
https://www.israelhayom.co.il/animals/article/14910033,971,55,0.05664263646,"""הבן שלי החזיק את הנחש – וחזר לדבר"": הטיפול המפתיע שמקבלים הילדים המפונים","מדי יום מגיע שחף ווילד, יערן ומדריך בקק""ל, אל בתי המלון שאליהם פונו משפחות רבות, ומסביר לילדים על חיות היער המיוחדות • כך, הילדים נפתחים רגשית ושוכחים ממה שאירע: ""הם מתמודדים עם הפחד – וגוברים עליו""",2023-12-05T12:03:12.000Z,2023-12-06T07:44:40.000Z
https://www.israelhayom.co.il/animals/article/15084747,810,137,0.1691358025,זו הסיבה שאנחנו רואים פתאום חלזונות בכל מקום,"בניגוד לקיץ, אז הם נכנסים לתרדמה, החלזונות יוצאים בהמוניהם בכל פעם שיורד גשם • הסיבה לכך פשוטה: הם בסך הכל מחפשים בן זוג להזדווג איתו • אז איך המין הפולש הזה הגיע ארצה – ולמה נראה אותו רק בשטחים עירוניים?",2024-01-11T12:00:49.000Z,2024-01-11T14:38:35.000Z
https://www.israelhayom.co.il/animals/article/15862656,748,45,0.06016042781,בשל שריפות הענק בצפון: היערכות לקליטת בעלי חיים שנפגעו,"במרכז האקלום לחיות בר באגמון החולה מתכוונים לטפל בחיות הפצועות שיגיעו למקום, ובהתאם למצבן – להחליט על המשך צעדי הטיפול בהן • נתקלתם בחיה פצועה? זה מה שעליכם לעשות",2024-06-04T13:37:06.000Z,2024-06-04T13:37:06.000Z
https://www.israelhayom.co.il/animals/article/16059908,740,53,0.07162162162,התגעגעתם? כלבת הים יוליה נצפתה בלבנון,"זו הפעם הראשונה שבה כלבת הים הנזירית נצפתה מאז יוני 2023, אז נראתה בחופי עזה • חוקרת דלפיס, ד""ר מיה אלסר: ""שמחים לדעת שהיא כבר לא נמצאת באזור המלחמה""",2024-07-11T05:37:03.000Z,2024-07-11T09:56:25.000Z
https://www.israelhayom.co.il/animals/article/14900084,698,33,0.04727793696,מרגש: החיילים חילצו תוכי מכפר עזה - ואיחדו אותו עם משפחתו | צפו,"לוחמי צה""ל שסייעו בפינוי יישובי עוטף עזה, מצאו באחד מבתי הקיבוץ תוכי שנותר מאחור • לאחר כמה ימים של חיפושים, הם הצליחו לאתר את בעליו – ואיחדו ביניהם: ""זה היה אירוע מרגש שנתן כוח למשפחה וגם לחיילים""",2023-12-03T11:25:14.000Z,2023-12-03T21:36:39.000Z
https://www.israelhayom.co.il/animals/article/14964913,788,52,0.06598984772,"""חזרנו לשגרה חלקית, אבל כלבים וחתולים רבים עלולים למות מרעב""","בעמותת ""תנו לחיות לחיות"" רוצים לסייע ככל האפשר לחיות המחמד שנותרו ביישובי עוטף עזה, אך תרומות האוכל פחתו – והמדינה לא עוזרת • ""אנחנו מאכילים ומחלצים חיות מורעבות, ולפעמים גם מצליחים לאחד אותן עם בעליהן – זה כמו איחוד משפחות מרגש""",2023-12-18T09:36:18.000Z,2023-12-18T09:36:18.000Z
https://www.israelhayom.co.il/animals/article/16432050,478,57,0.1192468619,מאיים גם על ישראל: בעל החיים הפולש שמסתתר מאחורי הטרנד הוויראלי,"בתקופה האחרונה צצים ברשת סרטונים של צעירים מרסקים ביצי חלזונות המכונים ""תפוחונים"", מין פולש ומסוכן שיש לפעול למניעת פלישתו והתבססותו בישראל • שוחחנו עם החוקר ד""ר עוז ריטנר, שהסביר לנו על החילזון הבעייתי",2024-09-12T16:31:38.000Z,2024-09-12T16:46:52.000Z
https://www.israelhayom.co.il/animals/article/15211613,437,46,0.1052631579,הכלב מכשכש בזנב? אל תהיו בטוחים שהוא שמח לראות אתכם,"לפי מאמר שבחן כ-100 מחקרים מדעיים, כשכוש הזנב בקרב חיות נועד גם לגרש זבובים ולאזן את תנועתן – כשעבור כלבים, זו גם דרך להביע כניעה מול מנהיג או כלב חזק יותר • וגם: כלבכם מכשכש בזנב שמאלה כשהוא רואה אתכם? לא תאמינו מה זה באמת אומר",2024-02-04T13:58:55.000Z,2024-02-04T13:58:55.000Z
https://www.israelhayom.co.il/animals/article/16700316,664,14,0.02108433735,אחרי 27 שנים במצפה התת ימי - שלוש נקבות צב ים קרני יצאו לחופשי,"במסגרת פרויקט לאישוש אוכלוסיית צבי הים הקרניים, הוצמדו על השלוש משדרים לוויניים ולאחר מכן הושבו לטבע בשמורת חוף האלמוגים באילת • ""אנחנו עם פרפרים בבטן ומתרגשים מאוד"", אומר ד""ר אביב לוי, המנהל המדעי של פארק המצפה התת ימי באילת",2024-10-31T13:55:35.000Z,2024-10-31T13:55:35.000Z
https://www.israelhayom.co.il/animals/article/15285441,474,9,0.01898734177,מחווה מרגשת: גורי הקנגורו נקראו על שמות החללים והחטופים,"בספארי ברמת גן בחרו לקרוא לגורי הקנגורו והוולאבי על שמות אורון שאול, הדר גולדין, עאמר אבו סבילה ואברה מנגיסטו - חללים וחטופים מכמה מגזרים שונים • דוברת הספארי: ""מדובר בשותפות גורל""",2024-02-18T15:21:29.000Z,2024-02-18T15:21:29.000Z
https://www.israelhayom.co.il/animals/article/14822315,559,35,0.0626118068,"""היה מבוהל ולחוץ"": צפו בחילוץ העוף הדורס הנדיר שנתקע ברשת","עוף ממין זרון סוף חולץ בידי פקחי רשות הטבע והגנים לאחר שנתקע ברשתות להגנה על בריכות דגים בצפון הארץ • אחד הפקחים שהגיע למקום: ""היה חשוב לשחררו בזהירות ובמהירות""",2023-11-18T09:24:02.000Z,2023-11-18T09:24:02.000Z
https://www.israelhayom.co.il/animals/article/14902976,314,10,0.03184713376,חיים חדשים – גם במלחמה: קופה ממין בסכנת הכחדה נולדה בישראל,"בגן החיות התנ""כי נולדה גורת לנגור זהוב, מין קופים שמוגדר כחיה מוגנת - וכל לנגורי הגן הצטרפו לטיפול בה • תגידו המון מזל טוב לאמא ליז ולאבא אונטריו!",2023-12-10T09:42:35.000Z,2023-12-10T09:42:35.000Z
https://www.israelhayom.co.il/animals/article/14947534,341,22,0.06451612903,התוכנית המיוחדת שמוצאת בתי אומנה לכלבים שננטשו,"רחובות ישראל מלאים בכלבים נטושים שמחפשים אחר בית חם, ובעזרת מלגת ""חבר כלבבי"", סטודנטים יכולים להכניס לביתם כמה מהם – ולשמש להם אומנה, עד שיאומצו • ליהי, שהשתתפה בתוכנית: ""כל כלב שהצלחתי לתת לו בית, אפילו זמנית, הבהיר לי שבחרתי נכון""",2023-12-14T06:48:23.000Z,2023-12-14T06:48:23.000Z
https://www.israelhayom.co.il/animals/article/15696255,431,13,0.03016241299,אורח מיוחד: צפו בחסידן הוורוד שתועד לראשונה באילת,"מתנדב של רשות הטבע והגנים הצליח לצלם את העוף, אשר מופיע בישראל מדי כמה שנים, שהגיע מאפריקה לעיר הדרומית • ""תמיד כיף לחוות את הטבע ברוב עוצמתו ולגלות מינים חדשים""",2024-05-05T11:11:09.000Z,2024-05-05T11:11:09.000Z
https://www.israelhayom.co.il/animals/article/14786492,429,12,0.02797202797,"חווה טיפולית בעוטף עזה נמצאת בסכנת סגירה: ""נהיה נחוצים מאוד לאחר המלחמה""","לפני כחצי שנה, חיים ולבנת חדד הגשימו חלום – והקימו חוות סוסים טיפולית לסובלים מפוסט טראומה • מאז, ילדים רבים מהאזור הגיעו אליה – והפכו למשפחה גדולה • כעת, בשל המלחמה, המקום עלול להיסגר: ""נקבל אוקיינוס של פניות לסיוע לילדים, אבל אנחנו לא מסוגלים לעמוד בהוצאות וצריכים עזרה מהציבור""",2023-11-05T09:59:11.000Z,2023-11-05T09:59:11.000Z
https://www.israelhayom.co.il/animals/article/16488226,399,34,0.08521303258,כשהפנדה התחילה לנבוח: המקרה המוזר של גן החיות בסין,"מבקרים שהגיעו לגן החיות בעיר גוואניואן בסין, הופתעו כשדובי הפנדה התחילו לנבוח ולהתרוצץ על ארבע רגליים • האורחים זעמו, הפנדות עלזו והנהלת המקום בחרה בהסבר תמוה במיוחד",2024-09-22T16:29:19.000Z,2024-09-22T16:29:19.000Z
https://www.israelhayom.co.il/animals/article/16924374,150,7,0.04666666667,חברי מועדון חתירה זיהו צב ים גדול לכוד ברשת דייגים - והצילו אותו,"מהלך חתירת הבוקר של מועדון' סאפ פלמחים', זיהתה אחת החותרות בקבוצה צב ים גדול תקוע ברשת דייגים שנפרסה בים • חברי הקבוצה פעלו מיידית לחלצו ולאחר שזיהו כי מצבו טוב ואין בו פציעות וחבלות, שחררו אותו בעומק הים • ללא פעולתם המהירה של חברי הקבוצה הצב היה עלול להימצא בסכנת חיים",2024-12-08T12:03:04.000Z,2024-12-08T12:03:04.000Z
https://www.israelhayom.co.il/animals/article/15637611,149,5,0.03355704698,כך כלבים עוזרים לילדים עם הפרעות קשב,"שני מחקרים חשובים הוכיחו את ההשפעה החזקה שיש לכלבים על ילדים בעלי קשיי קשב וריכוז • מחקרים אחרים מראים שגידול כלבים או אפילו רק ליטוף שלהם, יפחיתו תחושות חרדה ולחץ",2024-04-21T13:59:40.000Z,2024-04-21T13:59:40.000Z
https://www.israelhayom.co.il/animals/article/15026697,212,5,0.02358490566,"תיעוד נדיר: נחליאלי ""מעורב"" צהוב זרחני נצפה בישראל","לאחר שנראה בשנה שעברה באזור זכרון יעקב, הציפור הייחודית נצפתה פעם נוספת בארץ • סביר להניח שהורי הציפור הם נחליאלי לימוני ונחליאלי צהוב, שני מינים שנפגשים באזורי קינון נרחבים – ממזרח אירופה ועד מרכז אסיה",2023-12-31T09:15:56.000Z,2023-12-31T09:27:36.000Z
https://www.israelhayom.co.il/animals/article/14944330,161,6,0.03726708075,חנוכה שמח – גם לחיות: צפו בפינוקי החג המיוחדים שמכינים בספארי,"גם בעלי החיים רוצים ליהנות במהלך חג האורות, ובגן החיות החליטו לפרגן להם בכמה מטעמים שווים מאוד • מה הכינו עבור הדובים, איזה מעדן קיבלו החוטמנים ואיך נראתה החנוכייה החגיגית של כורש הנמר?",2023-12-13T11:00:53.000Z,2023-12-13T11:00:53.000Z
https://www.israelhayom.co.il/animals/article/15048067,227,11,0.04845814978,תצליחו למצוא אותן? 5 ציפורים שנמצאות בסכנת הכחדה בישראל,"לרגל יום הציפור, שנועד לקדם את ערך השימור וההגנה על הציפורים, ברשות הטבע והגנים אספו עבורנו פרטים מעניינים על כמה ציפורים מרשימות שחיות בארץ • היכן תוכלו לראות עיט זהוב ולמה יש לחוברה המדברית ציצית על הראש? כל הפרטים",2024-01-04T09:42:00.000Z,2024-01-04T09:42:00.000Z
https://www.israelhayom.co.il/animals/article/17503999?amp=1,146,4,0.02739726027,לאן נעלמו הפרפרים? ירידה של כ-34 אחוז במספרם בישראל מאז שנת 2000,51 מתוך 133 מיני הפרפרים המקומיים מוגדרים בסכנת הכחדה • מחקר חדש מציג נתונים בעייתים גם בארצות הברית • הצניחה במספר הפרפרים היא סימן מדאיג למצב מצב המערכת האקולוגית כולה,2025-03-09T12:08:33.000Z,2025-03-09T12:08:33.000Z
https://www.israelhayom.co.il/animals/article/14975853,68,3,0.04411764706,בהרמוניה מושלמת: צפו בריקוד הזרזירים בשמי הארץ,"בנחל תבור שבגליל התחתון תועדה להקת זרזירים עפה בצורה כה צמודה, בזמן שהם משנים כיוונים וצורות באחידות מופלאה • לפי השערות, הזרזירים עפים כך כדי להעביר מידע על מזון או על מנת להתחמק מטורפים פוטנציאליים",2023-12-21T08:38:34.000Z,2023-12-21T08:38:34.000Z
https://www.israelhayom.co.il/animals/article/15502771,93,6,0.06451612903,בהשתתפות עשרות: תחרות הצפרות הגדולה תתקיים בישראל,"כ-80 צפרים וצפריות ישתתפו בשבוע הבא בתחרות ""אלופי הנדידה 2024"", שבשל המלחמה כולם יהיו מישראל • הכנסות התחרות יופנו למימון מאמצי השימור של החסידה הלבנה, שמהווה סמל לשמירת טבע ברחבי העולם",2024-03-28T10:03:05.000Z,2024-03-28T10:45:54.000Z
https://www.israelhayom.co.il/animals/article/15058789,92,11,0.1195652174,צפו בתיעוד המדהים: קרקל מנסה לטרוף יעל שנתפסה בגדר,"בני זוג שטיילו בצפון הערבה, ראו לפתע אל מול עיניהם את המראה יוצא הדופן • שי פלדמן, שצילם את האירוע, סיפר: ""הוא ניסה להכניע אותה בכל כוחו במשך דקות ארוכות, אך כנראה התייאש והרפה ממנה"" • ברשות הטבע והגנים מעריכים: היעל תצליח לשרוד את הפציעה",2024-01-07T08:20:39.000Z,2024-01-07T11:57:26.000Z
https://www.israelhayom.co.il/animals/article/15529331,122,8,0.06557377049,חדשות משמחות: גוזל הנשר שאביו הורעל למוות – אומץ,"לאחר שהגוזל הועבר לחי-בר בכרמל, הוא ""שודך"" לזוג נשרים בוגרים, הנמצאים בגרעין הרבייה במקום מאז 2000 • תחילה עלה החשש כי הוא יפחד מהם, מה שיעורר אנטגוניזם כנגדו – אך בסופו של דבר, התהליך עבר בהצלחה: ""הם עובדים במשמרות כדי לשמור עליו""",2024-04-02T09:02:43.000Z,2024-04-03T12:55:08.000Z
https://www.israelhayom.co.il/animals/article/14675937?amp=1,60,3,0.05,הכלב אוכל מזון מבוסס דגים? זה מה שאתם חייבים לדעת עליו,"ידוע שבדגים יש חלבון וחומצות שונות שתורמות לא רק לבני האדם, אלא גם לכלבים • מעבר לכך שאוכל שמתבסס על דגים מסייע לפרווה מבריקה, במה עוד הוא יכול לסייע בריאותית לחברו הטוב ביותר של האדם?",2023-11-07T13:50:39.000Z,2023-11-07T13:50:39.000Z
https://www.israelhayom.co.il/animals/article/15616885?amp=1,61,1,0.01639344262,לא רק אצל בני האדם: כך בעלי החיים דואגים לניקיונם,"בפסח נהוג לצחצח כל פינה בבית, אבל האם אי פעם תהיתם האם וכיצד חיות שומרות על ניקיון גופן? • בדקנו עם אקולוג השטחים הפתוחים של רשות הטבע והגנים את הנושא – וחזרנו עם תשובות מפתיעות",2024-04-17T14:04:20.000Z,2024-04-17T14:04:20.000Z
https://www.israelhayom.co.il/animals/article/17471316?amp=1,41,4,0.09756097561,"מרגש: בעלי החיים המצויים בסכנת הכחדה שוחררו מגן החיות התנ""כי - ושבו לטבע","שישה יחמורים פרסיים, שלושה זכרים ושלוש נקבות שוחררו להרי ירושלים - במטרה להגדיל את תפוצתם בטבע • ההשבה הנוכחית היא חלק ממבצע רב שנים להשבת החיה הנדירה לטבע • גן החיות מנהל כבר שני עשורים להשבת החיה הנדירה לטבע, כאשר בשטח משוטטים יותר מ-150 פריטים, חלקם כבר הומלטו בטבע • גן החיות התנכ""י הוא היחיד בעולם שמתקיימים בו 6 פרוייקטים של גידול והשבה אל הטבע",2025-03-03T20:52:09.000Z,2025-03-04T10:03:27.000Z
https://www.israelhayom.co.il/animals/article/16645418?amp=1,63,2,0.03174603175,ראיתם קיפוד שחור בים? דווחו עליו – כך תוכלו לסייע לשמירה על המגוון הביולוגי,"החברה להגנת הטבע קוראת לציבור לקחת חלק במיזם של מדע אזרחי ולתעד תצפיות של קיפוד ים שנעלם ממפרץ אילת ופלש לחופי הים התיכון • ""חשוב למפות את הקיפודים הפולשים בים התיכון, כדי לנתח את דפוס הפלישה שלהם כתשתית לגיבוש מדיניות בנושא"", אומר רכז התוכנית בחברה",2024-10-21T11:56:00.000Z,2024-10-21T11:57:05.000Z
https://www.israelhayom.co.il/animals/article/16941811,43,6,0.1395348837,"דו""ח חמור נגד משרד החקלאות: אלפי כלבים הומתו ברעל בחסות המלחמה","עמותת ""תנו לחיות לחיות"", פרסמה הבוקר דו""ח שסוקר את הרעת מצבם של בעלי החיים בישראל בשנתיים האחרונות • עוד נטען כי קיימים מחדלים קשים בכל הקשור לתעשיית המזון מן החי • משרד החקלאות: ""רוב הדברים המוצגים בדוח אינם נכונים ואף בחלקם מטעים""",2024-12-10T16:06:39.000Z,2024-12-10T16:10:00.000Z
https://www.israelhayom.co.il/animals/article/17522625?amp=1,31,0,0.0,לסקרן את הגורילה: תלמידים בנו אטרקציות מיוחדות לבעלי החיים בספארי,"התלמידים תכננו ובנו שידות ייחודיות המיועדות לאתגר את הגורילות, השימפנזים וחיות נוספות בגן החיות • ""פרויקט זה מדגים את ההשפעה המשמעותית של העשרה סביבתית על חיות הבר, ואת החשיבות של שילוב מחקר מדעי עם יצירתיות חינוכית"", אומרת המורה האחראית על המיזם",2025-03-11T19:40:58.000Z,2025-03-13T10:30:24.000Z
https://www.israelhayom.co.il/animals/article/16853181?amp=1,11,0,0.0,"הספארי נפרד בכאב: שאול ה""דרקון"" הלך לעולמו","שאול, לטאת הכוח מסוג קומודו הגיע לפני עשור לספארי כחלק מניסיונות לשימור המין אשר הולך ונכחד • הוא נמצא בחצרו ללא רוח חיים, מטפליו כמו גם מבקרים רבים שהכירו אותו מתקשים להיפרד • מאז הגעתו, הוא היווה שגריר מצוין לבני מינו והיה חלק חשוב ממאמצי החינוך וההסברה של הספארי בנושא שימור זוחלים",2024-11-26T17:28:15.000Z,2024-11-26T17:30:49.000Z
https://www.israelhayom.co.il/animals/article/16798351?amp=1,18,5,0.2777777778,"משרד החקלאות מציע 150 ש""ח עבור הריגת כלבים; מומחים מסכימים - המתה עלולה להחמיר את המצב","מדובר בתמיכה חסרת תקדים בתמריצים כספיים בפתרון בעיית הכלבים המשוטטים • המשרד לא מציג שום מדיניות סדורה לטיפול ארוך טווח והומני בסוגיה • לטובת הנוהל הוקצו כספים שאמורים לתמוך, בין היתר, בקיום ימי אימוץ",2024-11-17T18:40:25.000Z,2024-11-19T12:49:57.000Z
https://www.israelhayom.co.il/animals/article/17312831,28,3,0.1071428571,התוצאות העצובות של הסופה: שתי גופות דולפינים וצב ים פצוע נפלטו לחופי הארץ,"אחד הדולפינים נמצא בת""א והשני באשקלון • על גופת הדולפין הצעיר נמצאו סימני לכידה מרשת דייגים • הצב הפצוע הועבר למרכז ההצלה במכמורת • למעלה מ-250 דולפינים נפלטו לחופי ישראל מאז 1994",2025-02-06T14:56:00.000Z,2025-02-06T14:56:00.000Z
